Player,Strike Rate,Average Score,Batsman Match Count,Batsman Run,Six,Four,Out,One,Two,Three,Five,Fifty,Hundred,Wicket,Bowler Run,Economy Rate,Maiden,Bowler Match Count,Average Four,Average Six,Total Matches,Wicket Average
SK Raina,134.99554764024933,28.96815286624204,157.0,4548.0,174.0,402.0,134.0,1377.0,242.0,10.0,1.0,31.0,1.0,25.0,1133.0,7.357142857142858,0.0,68.0,2.5605095541401273,1.10828025477707,157.0,0.1592356687898089
V Kohli,126.58843732112193,31.368794326241133,141.0,4423.0,160.0,384.0,118.0,1410.0,242.0,11.0,0.0,31.0,4.0,4.0,371.0,8.431818181818182,0.0,26.0,2.723404255319149,1.1347517730496455,141.0,0.028368794326241134
RG Sharma,128.49725106902872,27.49673202614379,153.0,4207.0,173.0,354.0,129.0,1379.0,177.0,5.0,1.0,32.0,1.0,15.0,449.0,7.87719298245614,0.0,30.0,2.3137254901960786,1.130718954248366,153.0,0.09803921568627451
G Gambhir,120.36120011651616,28.301369863013697,146.0,4132.0,58.0,484.0,131.0,1313.0,245.0,15.0,0.0,35.0,0.0,0.0,0.0,0.0,0.0,0.0,3.315068493150685,0.3972602739726027,146.0,0.0
DA Warner,138.3184011026878,35.21052631578947,114.0,4014.0,160.0,401.0,100.0,997.0,207.0,13.0,0.0,36.0,3.0,0.0,0.0,0.0,0.0,0.0,3.517543859649123,1.4035087719298245,114.0,0.0
RV Uthappa,127.63513513513513,26.41958041958042,143.0,3778.0,125.0,377.0,128.0,1087.0,191.0,12.0,3.0,22.0,0.0,0.0,0.0,0.0,0.0,0.0,2.6363636363636362,0.8741258741258742,143.0,0.0
CH Gayle,144.19431279620852,36.51,100.0,3651.0,266.0,297.0,89.0,718.0,70.0,3.0,0.0,22.0,5.0,18.0,750.0,7.7720207253886,0.0,37.0,2.97,2.66,100.0,0.18
S Dhawan,118.50249584026622,28.261904761904763,126.0,3561.0,71.0,401.0,109.0,1137.0,168.0,16.0,2.0,28.0,0.0,4.0,72.0,8.816326530612246,0.0,6.0,3.1825396825396823,0.5634920634920635,126.0,0.031746031746031744
MS Dhoni,132.8358208955224,24.895104895104897,143.0,3560.0,156.0,251.0,94.0,1085.0,251.0,11.0,0.0,17.0,0.0,0.0,0.0,0.0,0.0,0.0,1.7552447552447552,1.0909090909090908,143.0,0.0
AB de Villiers,145.12905911740216,29.54237288135593,118.0,3486.0,158.0,287.0,91.0,980.0,187.0,12.0,0.0,23.0,3.0,0.0,0.0,0.0,0.0,0.0,2.4322033898305087,1.3389830508474576,118.0,0.0
AM Rahane,117.48654880860876,29.114285714285714,105.0,3057.0,60.0,320.0,91.0,1039.0,168.0,14.0,0.0,25.0,1.0,1.0,5.0,5.0,0.0,1.0,3.0476190476190474,0.5714285714285714,105.0,0.009523809523809525
YK Pathan,140.75144508670522,21.969924812030076,133.0,2922.0,149.0,240.0,98.0,781.0,136.0,5.0,0.0,14.0,1.0,41.0,1421.0,7.312178387650086,0.0,80.0,1.8045112781954886,1.1203007518796992,133.0,0.3082706766917293
KD Karthik,123.00847457627117,21.66417910447761,134.0,2903.0,71.0,286.0,117.0,964.0,168.0,6.0,3.0,14.0,0.0,0.0,0.0,0.0,0.0,0.0,2.1343283582089554,0.5298507462686567,134.0,0.0
BB McCullum,126.31820265933058,26.74757281553398,103.0,2755.0,124.0,277.0,98.0,690.0,102.0,3.0,0.0,13.0,2.0,0.0,0.0,0.0,0.0,0.0,2.6893203883495147,1.203883495145631,103.0,0.0
V Sehwag,148.82705946535734,26.23076923076923,104.0,2728.0,106.0,334.0,99.0,558.0,96.0,2.0,0.0,16.0,2.0,6.0,236.0,10.26086956521739,0.0,15.0,3.2115384615384617,1.0192307692307692,104.0,0.057692307692307696
SR Watson,134.83837865572087,26.816326530612244,98.0,2628.0,122.0,258.0,85.0,638.0,101.0,8.0,0.0,14.0,2.0,86.0,2490.0,7.6185619581846,0.0,94.0,2.63265306122449,1.2448979591836735,98.0,0.8775510204081632
Yuvraj Singh,126.39024390243902,22.336206896551722,116.0,2591.0,141.0,205.0,101.0,690.0,113.0,3.0,0.0,12.0,0.0,36.0,1068.0,7.373993095512083,0.0,71.0,1.7672413793103448,1.2155172413793103,116.0,0.3103448275862069
M Vijay,120.02868068833652,25.363636363636363,99.0,2511.0,89.0,237.0,95.0,663.0,155.0,17.0,1.0,13.0,2.0,0.0,49.0,7.945945945945946,0.0,4.0,2.393939393939394,0.898989898989899,99.0,0.0
SE Marsh,130.10977522216413,36.072463768115945,69.0,2489.0,78.0,269.0,63.0,724.0,99.0,6.0,1.0,20.0,1.0,0.0,0.0,0.0,0.0,0.0,3.898550724637681,1.1304347826086956,69.0,0.0
JH Kallis,105.93627237014405,25.54736842105263,95.0,2427.0,44.0,255.0,85.0,888.0,113.0,8.0,1.0,17.0,0.0,65.0,2348.0,7.8310172317954425,0.0,89.0,2.6842105263157894,0.4631578947368421,95.0,0.6842105263157895
AT Rayudu,123.0142566191446,23.00952380952381,105.0,2416.0,79.0,205.0,89.0,853.0,133.0,1.0,0.0,14.0,0.0,0.0,0.0,0.0,0.0,0.0,1.9523809523809523,0.7523809523809524,105.0,0.0
DR Smith,132.27953410981698,27.102272727272727,88.0,2385.0,117.0,245.0,84.0,521.0,84.0,3.0,1.0,17.0,0.0,26.0,825.0,8.88689407540395,0.0,46.0,2.784090909090909,1.3295454545454546,88.0,0.29545454545454547
KA Pollard,140.62126642771804,21.017857142857142,112.0,2354.0,148.0,158.0,82.0,599.0,110.0,5.0,0.0,12.0,0.0,56.0,1785.0,8.393416927899686,0.0,81.0,1.4107142857142858,1.3214285714285714,112.0,0.5
SR Tendulkar,114.18786692759295,29.923076923076923,78.0,2334.0,29.0,296.0,69.0,721.0,117.0,7.0,0.0,13.0,1.0,0.0,59.0,9.567567567567567,0.0,4.0,3.7948717948717947,0.3717948717948718,78.0,0.0
PA Patel,112.71844660194175,20.017241379310345,116.0,2322.0,35.0,297.0,107.0,677.0,109.0,8.0,1.0,10.0,0.0,0.0,0.0,0.0,0.0,0.0,2.560344827586207,0.3017241379310345,116.0,0.0
MK Pandey,116.93845344555498,23.4,95.0,2223.0,65.0,197.0,78.0,772.0,121.0,7.0,2.0,9.0,1.0,0.0,0.0,0.0,0.0,0.0,2.0736842105263156,0.6842105263157895,95.0,0.0
R Dravid,113.34723670490095,26.51219512195122,82.0,2174.0,28.0,269.0,77.0,681.0,118.0,1.0,2.0,11.0,0.0,0.0,0.0,0.0,0.0,0.0,3.2804878048780486,0.34146341463414637,82.0,0.0
AC Gilchrist,133.05466237942122,25.8625,80.0,2069.0,92.0,239.0,76.0,417.0,66.0,4.0,0.0,11.0,2.0,1.0,0.0,0.0,1.0,1.0,2.9875,1.15,80.0,0.0125
JP Duminy,121.97062423500613,27.301369863013697,73.0,1993.0,78.0,123.0,50.0,769.0,123.0,6.0,0.0,14.0,0.0,23.0,811.0,7.124450951683748,0.0,47.0,1.6849315068493151,1.0684931506849316,73.0,0.3150684931506849
MEK Hussey,119.96359223300972,34.08620689655172,58.0,1977.0,52.0,198.0,51.0,648.0,96.0,11.0,0.0,15.0,1.0,0.0,0.0,0.0,0.0,0.0,3.413793103448276,0.896551724137931,58.0,0.0
DPMD Jayawardene,118.7910643889619,23.17948717948718,78.0,1808.0,40.0,200.0,64.0,565.0,93.0,4.0,1.0,10.0,1.0,0.0,0.0,0.0,0.0,0.0,2.5641025641025643,0.5128205128205128,78.0,0.0
RA Jadeja,118.79286694101509,16.037037037037038,108.0,1732.0,57.0,125.0,72.0,625.0,125.0,5.0,0.0,0.0,0.0,82.0,2540.0,7.767584097859327,0.0,112.0,1.1574074074074074,0.5277777777777778,112.0,0.7321428571428571
SPD Smith,128.50712678169543,27.629032258064516,62.0,1713.0,45.0,151.0,46.0,592.0,116.0,5.0,0.0,5.0,1.0,0.0,5.0,15.0,0.0,1.0,2.435483870967742,0.7258064516129032,62.0,0.0
KC Sangakkara,118.4691011235955,24.808823529411764,68.0,1687.0,27.0,195.0,65.0,563.0,81.0,5.0,1.0,10.0,0.0,0.0,0.0,0.0,0.0,0.0,2.8676470588235294,0.39705882352941174,68.0,0.0
MK Tiwary,114.12742382271468,20.860759493670887,79.0,1648.0,39.0,152.0,56.0,615.0,75.0,7.0,4.0,7.0,0.0,1.0,73.0,11.526315789473685,0.0,5.0,1.9240506329113924,0.4936708860759494,79.0,0.012658227848101266
AJ Finch,126.2992125984252,25.0625,64.0,1604.0,59.0,170.0,59.0,407.0,77.0,3.0,0.0,13.0,0.0,1.0,67.0,9.136363636363637,0.0,5.0,2.65625,0.921875,64.0,0.015625
DA Miller,137.7092511013216,24.421875,64.0,1563.0,78.0,104.0,45.0,464.0,106.0,1.0,0.0,8.0,1.0,0.0,0.0,0.0,0.0,0.0,1.625,1.21875,64.0,0.0
WP Saha,127.72764561115667,19.96153846153846,78.0,1557.0,57.0,130.0,61.0,472.0,107.0,3.0,0.0,6.0,1.0,0.0,0.0,0.0,0.0,0.0,1.6666666666666667,0.7307692307692307,78.0,0.0
NV Ojha,114.52802359882006,16.698924731182796,93.0,1553.0,79.0,121.0,74.0,437.0,64.0,10.0,0.0,6.0,0.0,0.0,0.0,0.0,0.0,0.0,1.3010752688172043,0.8494623655913979,93.0,0.0
S Badrinath,115.74297188755021,22.16923076923077,65.0,1441.0,28.0,154.0,47.0,484.0,85.0,1.0,0.0,11.0,0.0,0.0,0.0,0.0,0.0,0.0,2.3692307692307693,0.4307692307692308,65.0,0.0
SV Samson,122.40343347639484,23.0,62.0,1426.0,57.0,112.0,56.0,456.0,81.0,6.0,0.0,7.0,1.0,0.0,0.0,0.0,0.0,0.0,1.8064516129032258,0.9193548387096774,62.0,0.0
BJ Hodge,121.42237640936686,22.22222222222222,63.0,1400.0,43.0,122.0,42.0,452.0,89.0,8.0,0.0,6.0,0.0,17.0,310.0,7.815126050420169,0.0,20.0,1.9365079365079365,0.6825396825396826,63.0,0.2698412698412698
SC Ganguly,101.73453996983409,24.089285714285715,56.0,1349.0,42.0,137.0,53.0,427.0,54.0,3.0,1.0,7.0,0.0,10.0,370.0,7.928571428571429,0.0,20.0,2.4464285714285716,0.75,56.0,0.17857142857142858
DJ Hussey,120.07266121707538,21.672131147540984,61.0,1322.0,60.0,90.0,49.0,452.0,72.0,2.0,0.0,5.0,0.0,8.0,485.0,9.009287925696594,0.0,26.0,1.4754098360655739,0.9836065573770492,61.0,0.13114754098360656
F du Plessis,124.16107382550337,28.152173913043477,46.0,1295.0,38.0,110.0,43.0,453.0,75.0,8.0,0.0,8.0,0.0,0.0,16.0,16.0,0.0,1.0,2.391304347826087,0.8260869565217391,46.0,0.0
SS Tiwary,114.85148514851484,19.9375,64.0,1276.0,45.0,93.0,45.0,464.0,82.0,2.0,0.0,7.0,0.0,0.0,0.0,0.0,0.0,0.0,1.453125,0.703125,64.0,0.0
DJ Bravo,122.28682170542635,15.580246913580247,81.0,1262.0,48.0,102.0,55.0,365.0,93.0,5.0,0.0,4.0,0.0,122.0,2815.0,8.004739336492891,0.0,103.0,1.2592592592592593,0.5925925925925926,103.0,1.1844660194174756
GJ Maxwell,157.56410256410257,22.345454545454544,55.0,1229.0,82.0,96.0,49.0,241.0,56.0,0.0,0.0,6.0,0.0,11.0,483.0,8.676646706586826,0.0,33.0,1.7454545454545454,1.490909090909091,55.0,0.2
KK Nair,124.65016146393972,23.16,50.0,1158.0,26.0,135.0,46.0,313.0,66.0,4.0,1.0,8.0,0.0,0.0,0.0,0.0,0.0,0.0,2.7,0.52,50.0,0.0
TM Dilshan,110.12416427889207,23.06,50.0,1153.0,24.0,140.0,43.0,335.0,54.0,2.0,0.0,9.0,0.0,5.0,368.0,8.02909090909091,0.0,25.0,2.8,0.48,50.0,0.1
IK Pathan,116.75126903553299,14.024390243902438,82.0,1150.0,38.0,88.0,53.0,407.0,76.0,2.0,1.0,1.0,0.0,80.0,2711.0,7.698059630856601,0.0,101.0,1.0731707317073171,0.4634146341463415,101.0,0.7920792079207921
Mandeep Singh,118.5501066098081,19.17241379310345,58.0,1112.0,18.0,134.0,55.0,319.0,69.0,2.0,1.0,5.0,0.0,0.0,0.0,0.0,0.0,0.0,2.310344827586207,0.3103448275862069,58.0,0.0
ML Hayden,131.94278903456495,34.59375,32.0,1107.0,44.0,121.0,31.0,257.0,48.0,2.0,0.0,8.0,0.0,0.0,0.0,0.0,0.0,0.0,3.78125,1.375,32.0,0.0
LMP Simmons,122.89293849658314,37.206896551724135,29.0,1079.0,44.0,109.0,27.0,269.0,52.0,2.0,0.0,11.0,1.0,1.0,34.0,11.333333333333332,0.0,1.0,3.7586206896551726,1.5172413793103448,29.0,0.034482758620689655
LRPL Taylor,120.07083825265643,18.833333333333332,54.0,1017.0,46.0,66.0,40.0,334.0,62.0,3.0,2.0,3.0,0.0,0.0,24.0,11.076923076923077,0.0,2.0,1.2222222222222223,0.8518518518518519,54.0,0.0
KP Pietersen,132.05804749340368,27.805555555555557,36.0,1001.0,40.0,91.0,28.0,284.0,48.0,4.0,1.0,4.0,1.0,7.0,218.0,7.266666666666666,0.0,13.0,2.5277777777777777,1.1111111111111112,36.0,0.19444444444444445
Y Venugopal Rao,113.87283236994219,18.942307692307693,52.0,985.0,37.0,77.0,44.0,341.0,53.0,1.0,1.0,3.0,0.0,6.0,338.0,9.135135135135135,0.0,20.0,1.4807692307692308,0.7115384615384616,52.0,0.11538461538461539
JA Morkel,136.93820224719101,14.552238805970148,67.0,975.0,55.0,61.0,40.0,288.0,55.0,1.0,0.0,3.0,0.0,85.0,2409.0,7.998893193137797,0.0,87.0,0.9104477611940298,0.8208955223880597,87.0,0.9770114942528736
A Symonds,124.71190781049937,27.055555555555557,36.0,974.0,41.0,74.0,27.0,288.0,66.0,4.0,0.0,5.0,1.0,20.0,694.0,7.711111111111111,0.0,30.0,2.0555555555555554,1.1388888888888888,36.0,0.5555555555555556
CL White,125.45219638242895,21.57777777777778,45.0,971.0,38.0,76.0,36.0,335.0,49.0,2.0,0.0,6.0,0.0,1.0,86.0,11.217391304347826,0.0,6.0,1.6888888888888889,0.8444444444444444,45.0,0.022222222222222223
MC Henriques,126.00780234070221,19.38,50.0,969.0,27.0,87.0,34.0,310.0,70.0,3.0,0.0,5.0,0.0,38.0,1255.0,8.202614379084968,0.0,55.0,1.74,0.54,55.0,0.6909090909090909
M Vohra,127.60000000000001,23.341463414634145,41.0,957.0,35.0,95.0,39.0,219.0,58.0,9.0,1.0,3.0,0.0,0.0,0.0,0.0,0.0,0.0,2.317073170731707,0.8536585365853658,41.0,0.0
KM Jadhav,130.55555555555557,15.666666666666666,57.0,893.0,33.0,72.0,38.0,306.0,49.0,1.0,0.0,3.0,0.0,0.0,0.0,0.0,0.0,0.0,1.263157894736842,0.5789473684210527,57.0,0.0
HH Gibbs,105.8542413381123,24.61111111111111,36.0,886.0,31.0,83.0,32.0,264.0,45.0,3.0,1.0,6.0,0.0,0.0,0.0,0.0,0.0,0.0,2.3055555555555554,0.8611111111111112,36.0,0.0
EJG Morgan,117.79310344827587,18.977777777777778,45.0,854.0,34.0,72.0,40.0,255.0,49.0,3.0,0.0,4.0,0.0,0.0,0.0,0.0,0.0,0.0,1.6,0.7555555555555555,45.0,0.0
MA Agarwal,117.6300578034682,16.958333333333332,48.0,814.0,33.0,82.0,46.0,227.0,28.0,0.0,1.0,3.0,0.0,0.0,0.0,0.0,0.0,0.0,1.7083333333333333,0.6875,48.0,0.0
SS Iyer,123.20610687022902,25.21875,32.0,807.0,32.0,79.0,29.0,228.0,34.0,1.0,0.0,6.0,0.0,0.0,0.0,0.0,0.0,0.0,2.46875,1.0,32.0,0.0
Harbhajan Singh,135.19458544839256,9.74390243902439,82.0,799.0,41.0,76.0,51.0,183.0,33.0,0.0,0.0,1.0,0.0,127.0,3453.0,6.9314151890264295,0.0,134.0,0.926829268292683,0.5,134.0,0.9477611940298507
MS Bisla,108.27679782903662,20.46153846153846,39.0,798.0,23.0,93.0,38.0,207.0,36.0,3.0,0.0,4.0,0.0,0.0,0.0,0.0,0.0,0.0,2.3846153846153846,0.5897435897435898,39.0,0.0
ST Jayasuriya,134.03141361256544,25.6,30.0,768.0,39.0,84.0,28.0,128.0,22.0,7.0,1.0,4.0,1.0,13.0,396.0,7.893687707641195,0.0,21.0,2.8,1.3,30.0,0.43333333333333335
STR Binny,123.74798061389339,13.678571428571429,56.0,766.0,29.0,59.0,38.0,241.0,47.0,7.0,0.0,0.0,0.0,21.0,686.0,7.429602888086643,0.0,57.0,1.0535714285714286,0.5178571428571429,57.0,0.3684210526315789
GC Smith,106.9464544138929,25.482758620689655,29.0,739.0,9.0,94.0,26.0,228.0,39.0,1.0,0.0,4.0,0.0,0.0,0.0,0.0,0.0,0.0,3.2413793103448274,0.3103448275862069,29.0,0.0
Q de Kock,128.26855123674912,27.923076923076923,26.0,726.0,21.0,90.0,25.0,188.0,19.0,3.0,1.0,5.0,1.0,0.0,0.0,0.0,0.0,0.0,3.4615384615384617,0.8076923076923077,26.0,0.0
KL Rahul,122.46621621621621,24.166666666666668,30.0,725.0,24.0,61.0,24.0,246.0,41.0,3.0,0.0,4.0,0.0,0.0,0.0,0.0,0.0,0.0,2.033333333333333,0.8,30.0,0.0
AD Mathews,120.86811352253757,17.658536585365855,41.0,724.0,29.0,44.0,31.0,267.0,49.0,3.0,0.0,1.0,0.0,27.0,1095.0,8.141263940520446,0.0,44.0,1.0731707317073171,0.7073170731707317,44.0,0.6136363636363636
TL Suman,115.1618398637138,17.333333333333332,39.0,676.0,26.0,55.0,32.0,205.0,43.0,3.0,0.0,2.0,0.0,6.0,198.0,7.815789473684211,0.0,11.0,1.4102564102564104,0.6666666666666666,39.0,0.15384615384615385
AM Nayar,114.28571428571428,13.44,50.0,672.0,20.0,55.0,38.0,230.0,47.0,1.0,1.0,0.0,0.0,9.0,323.0,8.108786610878662,0.0,19.0,1.1,0.4,50.0,0.18
GJ Bailey,120.1086956521739,18.416666666666668,36.0,663.0,19.0,59.0,27.0,222.0,44.0,1.0,0.0,2.0,0.0,0.0,0.0,0.0,0.0,0.0,1.6388888888888888,0.5277777777777778,36.0,0.0
SA Yadav,126.93110647181629,14.476190476190476,42.0,608.0,21.0,54.0,29.0,196.0,32.0,2.0,0.0,1.0,0.0,0.0,8.0,8.0,0.0,1.0,1.2857142857142858,0.5,42.0,0.0
AR Patel,122.67206477732793,14.428571428571429,42.0,606.0,28.0,34.0,30.0,224.0,39.0,0.0,0.0,0.0,0.0,58.0,1584.0,7.425000000000001,0.0,59.0,0.8095238095238095,0.6666666666666666,59.0,0.9830508474576272
JD Ryder,129.6137339055794,20.82758620689655,29.0,604.0,19.0,69.0,28.0,145.0,30.0,3.0,0.0,4.0,0.0,8.0,314.0,7.817427385892117,0.0,16.0,2.3793103448275863,0.6551724137931034,29.0,0.27586206896551724
HM Amla,138.03827751196172,36.0625,16.0,577.0,21.0,60.0,13.0,164.0,22.0,1.0,0.0,3.0,2.0,0.0,0.0,0.0,0.0,0.0,3.75,1.3125,16.0,0.0
AD Russell,164.0,22.96,25.0,574.0,37.0,48.0,22.0,114.0,23.0,0.0,0.0,3.0,0.0,31.0,917.0,8.451612903225808,0.0,34.0,1.92,1.48,34.0,0.9117647058823529
RR Pant,148.03149606299212,23.5,24.0,564.0,30.0,47.0,22.0,145.0,24.0,1.0,0.0,3.0,0.0,0.0,0.0,0.0,0.0,0.0,1.9583333333333333,1.25,24.0,0.0
RS Bopara,113.46153846153845,24.136363636363637,22.0,531.0,16.0,39.0,18.0,204.0,27.0,7.0,0.0,3.0,0.0,11.0,301.0,8.47887323943662,0.0,14.0,1.7727272727272727,0.7272727272727273,22.0,0.5
JC Buttler,140.79999999999998,22.0,24.0,528.0,26.0,50.0,22.0,125.0,21.0,0.0,1.0,1.0,0.0,0.0,0.0,0.0,0.0,0.0,2.0833333333333335,1.0833333333333333,24.0,0.0
JP Faulkner,129.80295566502463,11.71111111111111,45.0,527.0,23.0,36.0,26.0,160.0,41.0,1.0,0.0,0.0,0.0,61.0,1849.0,8.620046620046619,0.0,60.0,0.8,0.5111111111111111,60.0,1.0166666666666666
CJ Anderson,125.84541062801932,20.03846153846154,26.0,521.0,30.0,40.0,19.0,128.0,25.0,1.0,0.0,3.0,0.0,8.0,408.0,9.45173745173745,0.0,19.0,1.5384615384615385,1.1538461538461537,26.0,0.3076923076923077
PP Chawla,110.27837259100643,7.923076923076923,65.0,515.0,15.0,49.0,42.0,163.0,33.0,0.0,0.0,0.0,0.0,126.0,3315.0,7.667694680030841,0.0,128.0,0.7538461538461538,0.23076923076923078,128.0,0.984375
M Manhas,105.76131687242798,13.526315789473685,38.0,514.0,10.0,43.0,23.0,191.0,44.0,1.0,0.0,0.0,0.0,0.0,42.0,6.0,0.0,3.0,1.131578947368421,0.2631578947368421,38.0,0.0
OA Shah,124.93827160493827,23.0,22.0,506.0,23.0,34.0,15.0,168.0,29.0,2.0,0.0,4.0,0.0,0.0,0.0,0.0,0.0,0.0,1.5454545454545454,1.0454545454545454,22.0,0.0
PC Valthaty,116.89814814814814,21.956521739130434,23.0,505.0,20.0,61.0,22.0,101.0,20.0,0.0,0.0,2.0,1.0,7.0,207.0,8.117647058823529,0.0,10.0,2.652173913043478,0.8695652173913043,23.0,0.30434782608695654
Shakib Al Hasan,124.68827930174564,15.625,32.0,500.0,15.0,44.0,24.0,170.0,32.0,0.0,0.0,2.0,0.0,43.0,1123.0,7.115100316789863,0.0,42.0,1.375,0.46875,42.0,1.0238095238095237
KH Pandya,153.3546325878594,25.263157894736842,19.0,480.0,20.0,46.0,14.0,105.0,31.0,3.0,0.0,1.0,0.0,16.0,518.0,7.0636363636363635,1.0,24.0,2.4210526315789473,1.0526315789473684,24.0,0.6666666666666666
CH Morris,159.63636363636365,15.678571428571429,28.0,439.0,23.0,33.0,12.0,113.0,28.0,0.0,0.0,2.0,0.0,54.0,1307.0,7.525911708253359,0.0,48.0,1.1785714285714286,0.8214285714285714,48.0,1.125
N Rana,123.09859154929576,29.133333333333333,15.0,437.0,25.0,31.0,14.0,134.0,13.0,1.0,0.0,4.0,0.0,0.0,3.0,3.0,0.0,1.0,2.066666666666667,1.6666666666666667,15.0,0.0
NLTC Perera,130.06134969325154,14.133333333333333,30.0,424.0,26.0,23.0,22.0,121.0,26.0,1.0,0.0,0.0,0.0,31.0,1031.0,8.651748251748252,0.0,36.0,0.7666666666666667,0.8666666666666667,36.0,0.8611111111111112
SA Asnodkar,120.17045454545455,22.263157894736842,19.0,423.0,10.0,56.0,20.0,105.0,17.0,0.0,0.0,2.0,0.0,0.0,0.0,0.0,0.0,0.0,2.9473684210526314,0.5263157894736842,19.0,0.0
DT Christian,119.65811965811966,13.548387096774194,31.0,420.0,18.0,22.0,23.0,162.0,28.0,2.0,0.0,0.0,0.0,30.0,956.0,7.678714859437751,0.0,36.0,0.7096774193548387,0.5806451612903226,36.0,0.8333333333333334
JR Hopes,132.80254777070064,21.94736842105263,19.0,417.0,11.0,49.0,16.0,114.0,19.0,1.0,0.0,4.0,0.0,14.0,562.0,9.138211382113822,0.0,20.0,2.5789473684210527,0.5789473684210527,20.0,0.7
KS Williamson,126.46153846153847,27.4,15.0,411.0,11.0,35.0,13.0,141.0,28.0,1.0,1.0,3.0,0.0,0.0,7.0,7.0,0.0,1.0,2.3333333333333335,0.7333333333333333,15.0,0.0
J Botha,112.36263736263736,14.607142857142858,28.0,409.0,5.0,39.0,20.0,143.0,37.0,2.0,0.0,1.0,0.0,25.0,818.0,6.922425952045134,0.0,34.0,1.3928571428571428,0.17857142857142858,34.0,0.7352941176470589
HH Pandya,132.6797385620915,12.303030303030303,33.0,406.0,28.0,24.0,19.0,113.0,10.0,3.0,0.0,1.0,0.0,10.0,552.0,8.832,0.0,31.0,0.7272727272727273,0.8484848484848485,33.0,0.30303030303030304
LR Shukla,113.12849162011173,12.272727272727273,33.0,405.0,16.0,33.0,27.0,137.0,20.0,0.0,0.0,0.0,0.0,15.0,458.0,8.429447852760736,0.0,27.0,1.0,0.48484848484848486,33.0,0.45454545454545453
AL Menaria,109.26430517711172,17.434782608695652,23.0,401.0,18.0,24.0,21.0,149.0,24.0,0.0,0.0,0.0,0.0,3.0,144.0,7.646017699115044,0.0,12.0,1.0434782608695652,0.782608695652174,23.0,0.13043478260869565
MV Boucher,123.89937106918238,17.130434782608695,23.0,394.0,13.0,32.0,14.0,127.0,29.0,1.0,0.0,1.0,0.0,0.0,0.0,0.0,0.0,0.0,1.391304347826087,0.5652173913043478,23.0,0.0
RA Tripathi,142.1818181818182,27.928571428571427,14.0,391.0,17.0,43.0,14.0,88.0,13.0,1.0,0.0,2.0,0.0,0.0,12.0,12.0,0.0,1.0,3.0714285714285716,1.2142857142857142,14.0,0.0
CA Pujara,96.7741935483871,17.727272727272727,22.0,390.0,4.0,50.0,19.0,133.0,15.0,1.0,0.0,1.0,0.0,0.0,0.0,0.0,0.0,0.0,2.272727272727273,0.18181818181818182,22.0,0.0
Azhar Mahmood,124.7588424437299,18.476190476190474,21.0,388.0,13.0,39.0,19.0,116.0,19.0,0.0,0.0,2.0,0.0,29.0,707.0,7.684782608695652,0.0,23.0,1.8571428571428572,0.6190476190476191,23.0,1.2608695652173914
CA Lynn,147.6923076923077,32.0,12.0,384.0,23.0,31.0,10.0,84.0,19.0,0.0,0.0,3.0,0.0,0.0,0.0,0.0,0.0,0.0,2.5833333333333335,1.9166666666666667,12.0,0.0
DB Ravi Teja,115.38461538461537,15.0,25.0,375.0,9.0,35.0,19.0,136.0,18.0,3.0,0.0,1.0,0.0,1.0,28.0,9.333333333333334,0.0,2.0,1.4,0.36,25.0,0.04
DJ Hooda,134.65703971119135,12.433333333333334,30.0,373.0,20.0,20.0,26.0,117.0,28.0,0.0,0.0,1.0,0.0,6.0,270.0,8.059701492537314,0.0,16.0,0.6666666666666666,0.6666666666666666,30.0,0.2
S Sohal,118.32797427652733,18.4,20.0,368.0,18.0,34.0,20.0,82.0,17.0,1.0,1.0,2.0,0.0,0.0,0.0,0.0,0.0,0.0,1.7,0.9,20.0,0.0
P Negi,124.29577464788733,12.172413793103448,29.0,353.0,16.0,26.0,20.0,102.0,24.0,1.0,0.0,0.0,0.0,30.0,802.0,7.530516431924882,0.0,36.0,0.896551724137931,0.5517241379310345,36.0,0.8333333333333334
R Bhatia,117.9310344827586,7.276595744680851,47.0,342.0,13.0,24.0,30.0,119.0,23.0,1.0,0.0,0.0,0.0,71.0,2059.0,7.437688139674895,0.0,91.0,0.5106382978723404,0.2765957446808511,91.0,0.7802197802197802
Gurkeerat Singh,122.14285714285715,14.25,24.0,342.0,9.0,36.0,21.0,112.0,16.0,0.0,0.0,1.0,0.0,5.0,97.0,7.097560975609756,0.0,6.0,1.5,0.375,24.0,0.20833333333333334
P Kumar,105.26315789473684,5.964912280701754,57.0,340.0,17.0,22.0,38.0,102.0,24.0,0.0,0.0,0.0,0.0,90.0,3342.0,7.604095563139931,0.0,119.0,0.38596491228070173,0.2982456140350877,119.0,0.7563025210084033
A Mishra,89.00523560209425,6.938775510204081,49.0,340.0,5.0,27.0,29.0,162.0,20.0,0.0,0.0,0.0,0.0,134.0,3305.0,7.336293007769146,0.0,126.0,0.5510204081632653,0.10204081632653061,126.0,1.0634920634920635
AP Tare,118.94736842105263,12.555555555555555,27.0,339.0,11.0,40.0,24.0,72.0,19.0,1.0,0.0,1.0,0.0,0.0,0.0,0.0,0.0,0.0,1.4814814814814814,0.4074074074074074,27.0,0.0
JEC Franklin,105.8252427184466,20.4375,16.0,327.0,9.0,25.0,11.0,129.0,22.0,0.0,0.0,1.0,0.0,9.0,225.0,8.70967741935484,0.0,15.0,1.5625,0.5625,16.0,0.5625
RN ten Doeschate,136.9747899159664,15.523809523809524,21.0,326.0,15.0,26.0,14.0,102.0,15.0,0.0,0.0,1.0,0.0,2.0,94.0,6.795180722891567,0.0,10.0,1.2380952380952381,0.7142857142857143,21.0,0.09523809523809523
Ishan Kishan,125.09803921568627,21.266666666666666,15.0,319.0,13.0,34.0,15.0,85.0,10.0,0.0,0.0,1.0,0.0,0.0,0.0,0.0,0.0,0.0,2.2666666666666666,0.8666666666666667,15.0,0.0
KV Sharma,111.22807017543859,9.323529411764707,34.0,317.0,14.0,18.0,21.0,114.0,22.0,1.0,0.0,0.0,0.0,49.0,1357.0,7.783938814531549,0.0,55.0,0.5294117647058824,0.4117647058823529,55.0,0.8909090909090909
BA Stokes,139.20704845814979,28.727272727272727,11.0,316.0,15.0,22.0,10.0,102.0,18.0,0.0,0.0,1.0,1.0,12.0,327.0,7.160583941605839,0.0,12.0,2.0,1.3636363636363635,12.0,1.0
R Vinay Kumar,106.66666666666667,7.414634146341464,41.0,304.0,9.0,20.0,28.0,108.0,31.0,0.0,0.0,0.0,0.0,103.0,2976.0,8.262841277186487,0.0,102.0,0.4878048780487805,0.21951219512195122,102.0,1.0098039215686274
DB Das,113.85767790262172,13.818181818181818,22.0,304.0,16.0,23.0,14.0,92.0,12.0,0.0,0.0,0.0,0.0,0.0,0.0,0.0,0.0,0.0,1.0454545454545454,0.7272727272727273,22.0,0.0
LA Pomersbach,120.3187250996016,18.875,16.0,302.0,13.0,25.0,11.0,85.0,18.0,1.0,0.0,1.0,0.0,0.0,0.0,0.0,0.0,0.0,1.5625,0.8125,16.0,0.0
UBT Chand,95.54140127388536,15.0,20.0,300.0,9.0,32.0,20.0,88.0,15.0,0.0,0.0,1.0,0.0,0.0,0.0,0.0,0.0,0.0,1.6,0.45,20.0,0.0
DJG Sammy,117.52988047808766,14.75,20.0,295.0,18.0,15.0,15.0,94.0,15.0,1.0,0.0,1.0,0.0,11.0,354.0,8.704918032786885,0.0,19.0,0.75,0.9,20.0,0.55
Y Nagar,105.1660516605166,14.25,20.0,285.0,9.0,20.0,14.0,109.0,18.0,2.0,0.0,0.0,0.0,4.0,125.0,10.416666666666668,0.0,8.0,1.0,0.45,20.0,0.2
VVS Laxman,104.0590405904059,14.1,20.0,282.0,5.0,33.0,19.0,100.0,10.0,0.0,0.0,1.0,0.0,0.0,0.0,0.0,0.0,0.0,1.65,0.25,20.0,0.0
GH Vihari,86.687306501548,13.333333333333334,21.0,280.0,1.0,23.0,18.0,133.0,23.0,1.0,0.0,0.0,0.0,1.0,39.0,6.324324324324324,0.0,5.0,1.0952380952380953,0.047619047619047616,21.0,0.047619047619047616
A Ashish Reddy,142.85714285714286,12.173913043478262,23.0,280.0,15.0,16.0,15.0,83.0,20.0,1.0,0.0,0.0,0.0,18.0,400.0,8.88888888888889,0.0,20.0,0.6956521739130435,0.6521739130434783,23.0,0.782608695652174
B Chipli,109.375,13.333333333333334,21.0,280.0,7.0,28.0,15.0,100.0,7.0,4.0,0.0,1.0,0.0,0.0,20.0,20.0,0.0,1.0,1.3333333333333333,0.3333333333333333,21.0,0.0
MJ Lumb,140.4040404040404,23.166666666666668,12.0,278.0,6.0,45.0,12.0,41.0,9.0,1.0,0.0,1.0,0.0,0.0,0.0,0.0,0.0,0.0,3.75,0.5,12.0,0.0
SP Narine,140.41450777202073,9.033333333333333,30.0,271.0,12.0,36.0,20.0,47.0,4.0,0.0,0.0,1.0,0.0,95.0,2085.0,6.395705521472392,0.0,81.0,1.2,0.4,81.0,1.1728395061728396
R Sathish,114.40677966101696,11.25,24.0,270.0,6.0,22.0,17.0,89.0,24.0,3.0,0.0,0.0,0.0,3.0,233.0,9.708333333333334,0.0,14.0,0.9166666666666666,0.25,24.0,0.125
M Kaif,100.3875968992248,11.772727272727273,22.0,259.0,6.0,22.0,18.0,86.0,23.0,1.0,0.0,0.0,0.0,0.0,0.0,0.0,0.0,0.0,1.0,0.2727272727272727,22.0,0.0
SM Katich,126.17801047120419,21.90909090909091,11.0,241.0,8.0,26.0,10.0,56.0,15.0,1.0,0.0,2.0,0.0,0.0,0.0,0.0,0.0,0.0,2.3636363636363638,0.7272727272727273,11.0,0.0
SP Goswami,92.6923076923077,15.0625,16.0,241.0,2.0,26.0,15.0,92.0,15.0,1.0,0.0,1.0,0.0,0.0,0.0,0.0,0.0,0.0,1.625,0.125,16.0,0.0
MD Mishra,111.26760563380283,13.941176470588236,17.0,237.0,8.0,24.0,16.0,65.0,14.0,0.0,0.0,0.0,0.0,0.0,0.0,0.0,0.0,0.0,1.411764705882353,0.47058823529411764,17.0,0.0
R Ashwin,93.90243902439023,6.416666666666667,36.0,231.0,2.0,22.0,22.0,103.0,14.0,0.0,0.0,0.0,0.0,100.0,2552.0,6.490885968630776,0.0,108.0,0.6111111111111112,0.05555555555555555,108.0,0.9259259259259259
SW Billings,130.635838150289,22.6,10.0,226.0,5.0,23.0,10.0,73.0,14.0,1.0,0.0,2.0,0.0,0.0,0.0,0.0,0.0,0.0,2.3,0.5,10.0,0.0
MR Marsh,111.94029850746267,16.071428571428573,14.0,225.0,14.0,9.0,12.0,83.0,11.0,0.0,0.0,0.0,0.0,20.0,420.0,7.706422018348624,0.0,18.0,0.6428571428571429,1.0,18.0,1.1111111111111112
K Goel,91.21338912133892,13.625,16.0,218.0,9.0,17.0,15.0,71.0,11.0,1.0,0.0,0.0,0.0,0.0,94.0,8.417910447761194,0.0,6.0,1.0625,0.5625,16.0,0.0
AA Jhunjhunwala,99.54128440366972,14.466666666666667,15.0,217.0,5.0,19.0,13.0,82.0,13.0,1.0,0.0,1.0,0.0,1.0,130.0,8.863636363636363,0.0,10.0,1.2666666666666666,0.3333333333333333,15.0,0.06666666666666667
TM Head,135.76158940397352,20.5,10.0,205.0,8.0,12.0,7.0,67.0,21.0,0.0,0.0,1.0,0.0,2.0,81.0,10.125,0.0,5.0,1.2,0.8,10.0,0.2
PD Collingwood,127.67295597484276,29.0,7.0,203.0,13.0,9.0,5.0,66.0,10.0,1.0,0.0,3.0,0.0,5.0,101.0,6.733333333333333,0.0,6.0,1.2857142857142858,1.8571428571428572,7.0,0.7142857142857143
SK Warne,90.41095890410958,7.333333333333333,27.0,198.0,6.0,14.0,20.0,82.0,12.0,0.0,0.0,0.0,0.0,57.0,1465.0,7.187244480784955,0.0,54.0,0.5185185185185185,0.2222222222222222,54.0,1.0555555555555556
SP Fleming,114.61988304093566,19.6,10.0,196.0,3.0,27.0,9.0,42.0,11.0,2.0,0.0,0.0,0.0,0.0,0.0,0.0,0.0,0.0,2.7,0.3,10.0,0.0
AS Raut,112.79069767441861,12.125,16.0,194.0,7.0,13.0,9.0,73.0,9.0,3.0,0.0,0.0,0.0,0.0,45.0,9.0,0.0,5.0,0.8125,0.4375,16.0,0.0
Salman Butt,112.20930232558139,27.571428571428573,7.0,193.0,2.0,30.0,7.0,47.0,7.0,0.0,0.0,1.0,0.0,0.0,0.0,0.0,0.0,0.0,4.285714285714286,0.2857142857142857,7.0,0.0
BJ Rohrer,132.1917808219178,24.125,8.0,193.0,5.0,21.0,7.0,48.0,14.0,1.0,0.0,1.0,0.0,0.0,12.0,10.285714285714285,0.0,1.0,2.625,0.625,8.0,0.0
YV Takawale,104.91803278688525,19.2,10.0,192.0,3.0,26.0,8.0,41.0,12.0,0.0,1.0,0.0,0.0,0.0,0.0,0.0,0.0,0.0,2.6,0.3,10.0,0.0
MJ Guptill,132.16783216783216,18.9,10.0,189.0,8.0,20.0,9.0,43.0,6.0,2.0,0.0,1.0,0.0,0.0,0.0,0.0,0.0,0.0,2.0,0.8,10.0,0.0
Bipul Sharma,150.80645161290323,11.0,17.0,187.0,9.0,11.0,8.0,51.0,19.0,0.0,0.0,0.0,0.0,17.0,581.0,7.9954128440366965,0.0,28.0,0.6470588235294118,0.5294117647058824,28.0,0.6071428571428571
FY Fazal,102.23463687150837,16.636363636363637,11.0,183.0,1.0,22.0,10.0,75.0,7.0,0.0,0.0,0.0,0.0,0.0,20.0,10.0,0.0,2.0,2.0,0.09090909090909091,11.0,0.0
AC Voges,126.57342657342659,25.857142857142858,7.0,181.0,3.0,15.0,4.0,61.0,18.0,2.0,0.0,0.0,0.0,0.0,76.0,8.142857142857142,0.0,7.0,2.142857142857143,0.42857142857142855,7.0,0.0
AB Agarkar,111.87499999999999,9.944444444444445,18.0,179.0,5.0,13.0,10.0,67.0,15.0,0.0,0.0,0.0,0.0,29.0,1174.0,8.590243902439024,0.0,42.0,0.7222222222222222,0.2777777777777778,42.0,0.6904761904761905
SN Khan,171.84466019417474,16.09090909090909,11.0,177.0,6.0,19.0,6.0,41.0,12.0,0.0,0.0,0.0,0.0,0.0,0.0,0.0,0.0,0.0,1.7272727272727273,0.5454545454545454,11.0,0.0
MF Maharoof,142.74193548387098,12.642857142857142,14.0,177.0,9.0,12.0,10.0,43.0,16.0,0.0,0.0,0.0,0.0,27.0,532.0,7.238095238095237,0.0,20.0,0.8571428571428571,0.6428571428571429,20.0,1.35
DH Yagnik,119.71830985915493,10.0,17.0,170.0,2.0,23.0,10.0,44.0,11.0,0.0,0.0,0.0,0.0,0.0,0.0,0.0,0.0,0.0,1.3529411764705883,0.11764705882352941,17.0,0.0
CM Gautam,106.9620253164557,13.0,13.0,169.0,6.0,17.0,10.0,40.0,8.0,3.0,0.0,0.0,0.0,0.0,0.0,0.0,0.0,0.0,1.3076923076923077,0.46153846153846156,13.0,0.0
MN van Wyk,123.7037037037037,33.4,5.0,167.0,1.0,19.0,3.0,58.0,12.0,1.0,0.0,1.0,0.0,0.0,0.0,0.0,0.0,0.0,3.8,0.2,5.0,0.0
DW Steyn,103.1055900621118,5.1875,32.0,166.0,3.0,14.0,22.0,54.0,19.0,0.0,0.0,0.0,0.0,92.0,2375.0,6.6002779064381665,0.0,90.0,0.4375,0.09375,90.0,1.0222222222222221
PA Reddy,98.20359281437125,16.4,10.0,164.0,2.0,15.0,10.0,65.0,12.0,1.0,0.0,0.0,0.0,0.0,0.0,0.0,0.0,0.0,1.5,0.2,10.0,0.0
MP Stoinis,119.85294117647058,20.375,8.0,163.0,4.0,14.0,7.0,51.0,16.0,0.0,0.0,1.0,0.0,10.0,314.0,9.014354066985646,0.0,12.0,1.75,0.5,12.0,0.8333333333333334
MN Samuels,92.52873563218391,11.5,14.0,161.0,7.0,9.0,13.0,61.0,11.0,0.0,0.0,0.0,0.0,9.0,285.0,7.808219178082192,0.0,11.0,0.6428571428571429,0.5,14.0,0.6428571428571429
RE van der Merwe,110.41666666666667,10.6,15.0,159.0,8.0,11.0,11.0,53.0,4.0,2.0,0.0,0.0,0.0,21.0,515.0,6.791208791208791,0.0,21.0,0.7333333333333333,0.5333333333333333,21.0,1.0
R McLaren,89.32584269662921,12.23076923076923,13.0,159.0,1.0,14.0,8.0,78.0,8.0,1.0,0.0,1.0,0.0,12.0,558.0,9.0,0.0,18.0,1.0769230769230769,0.07692307692307693,18.0,0.6666666666666666
B Kumar,98.75,4.787878787878788,33.0,158.0,3.0,15.0,19.0,52.0,14.0,0.0,0.0,0.0,0.0,111.0,2410.0,7.039922103213243,0.0,90.0,0.45454545454545453,0.09090909090909091,90.0,1.2333333333333334
R Dhawan,113.33333333333333,9.5625,16.0,153.0,4.0,13.0,7.0,48.0,13.0,1.0,0.0,0.0,0.0,18.0,655.0,7.660818713450293,0.0,25.0,0.8125,0.25,25.0,0.72
MG Johnson,96.17834394904459,5.8076923076923075,26.0,151.0,7.0,8.0,13.0,52.0,11.0,1.0,0.0,0.0,0.0,60.0,1522.0,7.818493150684931,0.0,48.0,0.3076923076923077,0.2692307692307692,48.0,1.25
SM Pollock,126.72413793103448,18.375,8.0,147.0,8.0,12.0,8.0,47.0,2.0,0.0,0.0,0.0,0.0,11.0,307.0,6.578571428571429,0.0,13.0,1.5,1.0,13.0,0.8461538461538461
S Vidyut,126.08695652173914,18.125,8.0,145.0,3.0,21.0,8.0,30.0,5.0,1.0,0.0,1.0,0.0,1.0,22.0,10.153846153846153,0.0,1.0,2.625,0.375,8.0,0.125
N Saini,97.9020979020979,14.0,10.0,140.0,0.0,16.0,10.0,43.0,15.0,1.0,0.0,1.0,0.0,0.0,0.0,0.0,0.0,0.0,1.6,0.0,10.0,0.0
Sachin Baby,129.24528301886792,13.7,10.0,137.0,5.0,11.0,8.0,37.0,13.0,0.0,0.0,0.0,0.0,2.0,8.0,4.800000000000001,0.0,2.0,1.1,0.5,10.0,0.2
S Anirudha,112.39669421487604,11.333333333333334,12.0,136.0,7.0,9.0,8.0,44.0,7.0,0.0,0.0,1.0,0.0,0.0,0.0,0.0,0.0,0.0,0.75,0.5833333333333334,12.0,0.0
SB Styris,97.76119402985076,13.1,10.0,131.0,3.0,10.0,7.0,63.0,5.0,0.0,0.0,0.0,0.0,8.0,278.0,7.513513513513514,0.0,11.0,1.0,0.3,11.0,0.7272727272727273
W Jaffer,100.7751937984496,16.25,8.0,130.0,3.0,14.0,8.0,41.0,6.0,1.0,0.0,1.0,0.0,0.0,0.0,0.0,0.0,0.0,1.75,0.375,8.0,0.0
Kamran Akmal,164.1025641025641,21.333333333333332,6.0,128.0,8.0,13.0,5.0,20.0,4.0,0.0,0.0,1.0,0.0,0.0,0.0,0.0,0.0,0.0,2.1666666666666665,1.3333333333333333,6.0,0.0
D Wiese,135.1063829787234,15.875,8.0,127.0,4.0,12.0,4.0,43.0,6.0,0.0,0.0,0.0,0.0,16.0,409.0,8.491349480968857,0.0,14.0,1.5,0.5,14.0,1.1428571428571428
UT Khawaja,120.95238095238095,21.166666666666668,6.0,127.0,3.0,14.0,6.0,38.0,6.0,1.0,0.0,0.0,0.0,0.0,0.0,0.0,0.0,0.0,2.3333333333333335,0.5,6.0,0.0
P Dogra,90.0709219858156,10.583333333333334,12.0,127.0,5.0,4.0,11.0,58.0,10.0,1.0,0.0,0.0,0.0,0.0,0.0,0.0,0.0,0.0,0.3333333333333333,0.4166666666666667,12.0,0.0
M Morkel,135.48387096774192,6.3,20.0,126.0,5.0,11.0,11.0,33.0,8.0,1.0,0.0,0.0,0.0,77.0,2136.0,7.5432607416127135,0.0,70.0,0.55,0.25,70.0,1.1
C de Grandhomme,136.95652173913044,14.0,9.0,126.0,6.0,10.0,8.0,40.0,5.0,0.0,0.0,0.0,0.0,4.0,136.0,8.0,0.0,9.0,1.1111111111111112,0.6666666666666666,9.0,0.4444444444444444
MC Juneja,93.28358208955224,17.857142857142858,7.0,125.0,1.0,11.0,7.0,61.0,7.0,0.0,0.0,0.0,0.0,0.0,0.0,0.0,0.0,0.0,1.5714285714285714,0.14285714285714285,7.0,0.0
BB Samantray,107.75862068965519,15.625,8.0,125.0,2.0,13.0,5.0,45.0,8.0,0.0,0.0,1.0,0.0,0.0,0.0,0.0,0.0,0.0,1.625,0.25,8.0,0.0
B Lee,121.56862745098039,6.526315789473684,19.0,124.0,8.0,8.0,10.0,36.0,4.0,0.0,0.0,0.0,0.0,25.0,1126.0,7.3755458515283845,0.0,38.0,0.42105263157894735,0.42105263157894735,38.0,0.6578947368421053
BCJ Cutting,177.14285714285714,15.5,8.0,124.0,10.0,9.0,5.0,20.0,4.0,0.0,0.0,0.0,0.0,7.0,234.0,8.210526315789474,0.0,9.0,1.125,1.25,9.0,0.7777777777777778
AB McDonald,119.41747572815532,13.666666666666666,9.0,123.0,4.0,9.0,5.0,42.0,9.0,1.0,0.0,0.0,0.0,11.0,263.0,8.393617021276597,0.0,10.0,1.0,0.4444444444444444,10.0,1.1
Niraj Patel,97.58064516129032,20.166666666666668,6.0,121.0,1.0,14.0,4.0,38.0,9.0,1.0,0.0,1.0,0.0,0.0,0.0,0.0,0.0,0.0,2.3333333333333335,0.16666666666666666,6.0,0.0
DL Vettori,102.54237288135593,7.5625,16.0,121.0,2.0,11.0,8.0,54.0,4.0,1.0,0.0,0.0,0.0,28.0,894.0,6.83312101910828,0.0,34.0,0.6875,0.125,34.0,0.8235294117647058
AC Blizzard,131.86813186813185,17.142857142857142,7.0,120.0,2.0,21.0,7.0,17.0,2.0,1.0,0.0,1.0,0.0,0.0,0.0,0.0,0.0,0.0,3.0,0.2857142857142857,7.0,0.0
Misbah-ul-Haq,142.6829268292683,14.625,8.0,117.0,6.0,10.0,7.0,29.0,6.0,0.0,0.0,0.0,0.0,0.0,0.0,0.0,0.0,0.0,1.25,0.75,8.0,0.0
RJ Harris,104.46428571428572,5.571428571428571,21.0,117.0,3.0,6.0,12.0,40.0,16.0,1.0,0.0,0.0,0.0,45.0,1085.0,7.526011560693642,0.0,37.0,0.2857142857142857,0.14285714285714285,37.0,1.2162162162162162
Z Khan,82.97872340425532,4.333333333333333,27.0,117.0,2.0,11.0,14.0,47.0,7.0,0.0,0.0,0.0,0.0,102.0,2860.0,7.539543057996484,0.0,99.0,0.4074074074074074,0.07407407407407407,99.0,1.0303030303030303
KK Cooper,165.71428571428572,9.666666666666666,12.0,116.0,8.0,9.0,9.0,16.0,8.0,0.0,0.0,0.0,0.0,33.0,789.0,7.89,0.0,25.0,0.75,0.6666666666666666,25.0,1.32
M Kartik,103.6697247706422,8.071428571428571,14.0,113.0,1.0,7.0,7.0,60.0,8.0,1.0,0.0,0.0,0.0,31.0,1418.0,7.197969543147208,0.0,55.0,0.5,0.07142857142857142,55.0,0.5636363636363636
MM Sharma,107.6923076923077,5.6,20.0,112.0,4.0,8.0,14.0,39.0,7.0,1.0,0.0,0.0,0.0,83.0,2088.0,8.0,0.0,75.0,0.4,0.2,75.0,1.1066666666666667
DJ Harris,107.76699029126213,27.75,4.0,111.0,5.0,11.0,4.0,33.0,2.0,0.0,0.0,0.0,0.0,0.0,26.0,8.666666666666666,0.0,2.0,2.75,1.25,4.0,0.0
LJ Wright,168.25396825396825,21.2,5.0,106.0,3.0,16.0,5.0,20.0,2.0,0.0,0.0,0.0,0.0,2.0,125.0,10.0,0.0,6.0,3.2,0.6,6.0,0.3333333333333333
JDP Oram,96.36363636363636,9.636363636363637,11.0,106.0,5.0,6.0,8.0,46.0,3.0,0.0,0.0,0.0,0.0,9.0,362.0,8.901639344262295,0.0,14.0,0.5454545454545454,0.45454545454545453,14.0,0.6428571428571429
RJ Quiney,98.09523809523809,14.714285714285714,7.0,103.0,3.0,12.0,7.0,30.0,2.0,1.0,0.0,1.0,0.0,0.0,0.0,0.0,0.0,0.0,1.7142857142857142,0.42857142857142855,7.0,0.0
V Shankar,131.1688311688312,25.25,4.0,101.0,1.0,12.0,2.0,37.0,5.0,0.0,0.0,1.0,0.0,0.0,19.0,19.0,0.0,1.0,3.0,0.25,4.0,0.0
MS Gony,130.26315789473685,6.6,15.0,99.0,8.0,6.0,10.0,19.0,4.0,0.0,0.0,0.0,0.0,37.0,1317.0,8.542702702702702,0.0,44.0,0.4,0.5333333333333333,44.0,0.8409090909090909
SD Chitnis,107.6086956521739,12.375,8.0,99.0,2.0,10.0,7.0,37.0,5.0,0.0,0.0,0.0,0.0,2.0,62.0,9.789473684210526,0.0,2.0,1.25,0.25,8.0,0.25
MJ Clarke,102.08333333333333,16.333333333333332,6.0,98.0,0.0,12.0,6.0,35.0,5.0,0.0,1.0,0.0,0.0,2.0,72.0,6.545454545454545,0.0,5.0,2.0,0.0,6.0,0.3333333333333333
CJ Ferguson,82.35294117647058,12.25,8.0,98.0,0.0,9.0,6.0,42.0,10.0,0.0,0.0,0.0,0.0,0.0,0.0,0.0,0.0,0.0,1.125,0.0,8.0,0.0
MA Starc,97.95918367346938,8.727272727272727,11.0,96.0,0.0,10.0,7.0,38.0,9.0,0.0,0.0,0.0,0.0,34.0,725.0,7.107843137254902,0.0,26.0,0.9090909090909091,0.0,26.0,1.3076923076923077
CR Brathwaite,169.64285714285714,11.875,8.0,95.0,8.0,8.0,8.0,11.0,2.0,0.0,0.0,0.0,0.0,8.0,259.0,8.585635359116022,0.0,10.0,1.0,1.0,10.0,0.8
UT Yadav,98.94736842105263,4.086956521739131,23.0,94.0,3.0,8.0,7.0,38.0,3.0,0.0,0.0,0.0,0.0,91.0,2802.0,8.26955238563699,0.0,93.0,0.34782608695652173,0.13043478260869565,93.0,0.978494623655914
PR Shah,94.84536082474226,10.222222222222221,9.0,92.0,2.0,9.0,8.0,28.0,8.0,0.0,0.0,0.0,0.0,0.0,0.0,0.0,0.0,0.0,1.0,0.2222222222222222,9.0,0.0
DJ Jacobs,91.0891089108911,13.142857142857142,7.0,92.0,4.0,10.0,7.0,22.0,3.0,0.0,0.0,0.0,0.0,0.0,0.0,0.0,0.0,0.0,1.4285714285714286,0.5714285714285714,7.0,0.0
S Rana,110.97560975609757,11.375,8.0,91.0,1.0,9.0,4.0,29.0,10.0,0.0,0.0,0.0,0.0,0.0,18.0,6.75,0.0,3.0,1.125,0.125,8.0,0.0
RT Ponting,70.54263565891473,10.11111111111111,9.0,91.0,2.0,5.0,9.0,47.0,6.0,0.0,0.0,0.0,0.0,0.0,0.0,0.0,0.0,0.0,0.5555555555555556,0.2222222222222222,9.0,0.0
DS Kulkarni,89.10891089108911,5.625,16.0,90.0,2.0,6.0,8.0,37.0,7.0,1.0,0.0,0.0,0.0,76.0,1918.0,7.74949494949495,0.0,72.0,0.375,0.125,72.0,1.0555555555555556
SL Malinga,85.43689320388349,4.4,20.0,88.0,5.0,6.0,16.0,32.0,1.0,0.0,0.0,0.0,0.0,154.0,3034.0,6.757238307349667,0.0,110.0,0.3,0.25,110.0,1.4
Iqbal Abdulla,102.32558139534885,6.769230769230769,13.0,88.0,1.0,9.0,2.0,34.0,6.0,0.0,0.0,0.0,0.0,40.0,1125.0,7.158006362672323,0.0,48.0,0.6923076923076923,0.07692307692307693,48.0,0.8333333333333334
AP Majumdar,112.98701298701299,21.75,4.0,87.0,2.0,7.0,4.0,33.0,7.0,0.0,0.0,0.0,0.0,0.0,0.0,0.0,0.0,0.0,1.75,0.5,4.0,0.0
Ankit Sharma,126.08695652173914,8.7,10.0,87.0,4.0,7.0,7.0,23.0,6.0,0.0,0.0,0.0,0.0,12.0,442.0,7.1869918699187,0.0,20.0,0.7,0.4,20.0,0.6
RE Levi,112.16216216216218,13.833333333333334,6.0,83.0,4.0,10.0,6.0,19.0,0.0,0.0,0.0,1.0,0.0,0.0,0.0,0.0,0.0,0.0,1.6666666666666667,0.6666666666666666,6.0,0.0
LA Carseldine,114.08450704225352,16.2,5.0,81.0,0.0,11.0,4.0,23.0,4.0,2.0,0.0,0.0,0.0,1.0,6.0,5.142857142857142,0.0,1.0,2.2,0.0,5.0,0.2
WPUJC Vaas,110.95890410958904,7.363636363636363,11.0,81.0,3.0,2.0,8.0,33.0,11.0,0.0,0.0,0.0,0.0,18.0,364.0,7.583333333333333,0.0,13.0,0.18181818181818182,0.2727272727272727,13.0,1.3846153846153846
Shahid Afridi,176.08695652173913,9.0,9.0,81.0,6.0,7.0,8.0,12.0,0.0,0.0,1.0,0.0,0.0,9.0,237.0,7.686486486486487,0.0,10.0,0.7777777777777778,0.6666666666666666,10.0,0.9
AD Mascarenhas,100.0,7.181818181818182,11.0,79.0,1.0,5.0,9.0,35.0,9.0,0.0,0.0,0.0,0.0,19.0,365.0,7.064516129032258,0.0,13.0,0.45454545454545453,0.09090909090909091,13.0,1.4615384615384615
PJ Cummins,137.5,8.555555555555555,9.0,77.0,4.0,5.0,6.0,19.0,7.0,0.0,0.0,0.0,0.0,17.0,525.0,8.311345646437996,0.0,16.0,0.5555555555555556,0.4444444444444444,16.0,1.0625
B Akhil,133.33333333333331,6.909090909090909,11.0,76.0,5.0,5.0,6.0,16.0,5.0,0.0,0.0,0.0,0.0,6.0,246.0,7.647668393782384,0.0,13.0,0.45454545454545453,0.45454545454545453,13.0,0.46153846153846156
IR Jaggi,76.0,10.857142857142858,7.0,76.0,0.0,6.0,5.0,36.0,5.0,2.0,0.0,0.0,0.0,0.0,0.0,0.0,0.0,0.0,0.8571428571428571,0.0,7.0,0.0
TR Birt,127.11864406779661,15.0,5.0,75.0,2.0,9.0,5.0,15.0,6.0,0.0,0.0,0.0,0.0,0.0,0.0,0.0,0.0,0.0,1.8,0.4,5.0,0.0
RR Sarwan,93.58974358974359,18.25,4.0,73.0,1.0,6.0,4.0,31.0,6.0,0.0,0.0,0.0,0.0,0.0,0.0,0.0,0.0,0.0,1.5,0.25,4.0,0.0
M Klinger,93.58974358974359,18.25,4.0,73.0,0.0,9.0,4.0,30.0,2.0,1.0,0.0,0.0,0.0,0.0,0.0,0.0,0.0,0.0,2.25,0.0,4.0,0.0
AA Bilakhia,78.4090909090909,9.857142857142858,7.0,69.0,0.0,5.0,5.0,31.0,9.0,0.0,0.0,0.0,0.0,0.0,0.0,0.0,0.0,0.0,0.7142857142857143,0.0,7.0,0.0
RR Powar,104.6875,7.444444444444445,9.0,67.0,1.0,6.0,3.0,23.0,7.0,0.0,0.0,0.0,0.0,13.0,538.0,7.28668171557562,0.0,26.0,0.6666666666666666,0.1111111111111111,26.0,0.5
R Sharma,85.71428571428571,3.473684210526316,19.0,66.0,3.0,5.0,14.0,14.0,7.0,0.0,0.0,0.0,0.0,40.0,1100.0,7.0588235294117645,0.0,44.0,0.2631578947368421,0.15789473684210525,44.0,0.9090909090909091
Mohammad Hafeez,76.19047619047619,8.0,8.0,64.0,2.0,7.0,7.0,24.0,0.0,0.0,0.0,0.0,0.0,2.0,71.0,6.761904761904762,0.0,4.0,0.875,0.25,8.0,0.25
WD Parnell,78.75,5.25,12.0,63.0,1.0,4.0,9.0,31.0,5.0,0.0,0.0,0.0,0.0,27.0,731.0,7.297836938435941,0.0,26.0,0.3333333333333333,0.08333333333333333,26.0,1.0384615384615385
MJ McClenaghan,140.0,5.25,12.0,63.0,6.0,2.0,8.0,17.0,1.0,0.0,0.0,0.0,0.0,54.0,1356.0,8.285132382892057,0.0,40.0,0.16666666666666666,0.5,40.0,1.35
Anirudh Singh,91.30434782608695,15.75,4.0,63.0,1.0,6.0,4.0,23.0,5.0,0.0,0.0,0.0,0.0,0.0,0.0,0.0,0.0,0.0,1.5,0.25,4.0,0.0
A Flintoff,108.77192982456141,20.666666666666668,3.0,62.0,2.0,5.0,2.0,23.0,2.0,1.0,0.0,0.0,0.0,2.0,106.0,9.636363636363637,0.0,3.0,1.6666666666666667,0.6666666666666666,3.0,0.6666666666666666
S Aravind,100.0,5.9,10.0,59.0,0.0,7.0,4.0,21.0,5.0,0.0,0.0,0.0,0.0,45.0,1057.0,8.048223350253807,0.0,38.0,0.7,0.0,38.0,1.1842105263157894
JJ Roy,143.90243902439025,19.666666666666668,3.0,59.0,1.0,9.0,2.0,13.0,2.0,0.0,0.0,0.0,0.0,0.0,0.0,0.0,0.0,0.0,3.0,0.3333333333333333,3.0,0.0
WA Mota,73.68421052631578,7.0,8.0,56.0,0.0,2.0,6.0,40.0,4.0,0.0,0.0,0.0,0.0,4.0,98.0,7.84,0.0,7.0,0.25,0.0,8.0,0.5
M Rawat,78.57142857142857,5.0,11.0,55.0,1.0,4.0,5.0,29.0,2.0,0.0,0.0,0.0,0.0,0.0,0.0,0.0,0.0,0.0,0.36363636363636365,0.09090909090909091,11.0,0.0
K Rabada,80.88235294117648,18.333333333333332,3.0,55.0,1.0,5.0,3.0,25.0,2.0,0.0,0.0,0.0,0.0,6.0,198.0,8.671532846715328,0.0,6.0,1.6666666666666667,0.3333333333333333,6.0,1.0
TG Southee,150.0,6.75,8.0,54.0,3.0,3.0,6.0,14.0,5.0,0.0,0.0,0.0,0.0,22.0,930.0,8.075253256150507,0.0,29.0,0.375,0.375,29.0,0.7586206896551724
A Chopra,70.66666666666667,8.833333333333334,6.0,53.0,0.0,7.0,6.0,21.0,2.0,0.0,0.0,0.0,0.0,0.0,0.0,0.0,0.0,0.0,1.1666666666666667,0.0,6.0,0.0
RR Rossouw,103.921568627451,10.6,5.0,53.0,3.0,3.0,5.0,17.0,3.0,0.0,0.0,0.0,0.0,0.0,0.0,0.0,0.0,0.0,0.6,0.6,5.0,0.0
AJ Tye,176.66666666666666,17.666666666666668,3.0,53.0,3.0,4.0,2.0,11.0,4.0,0.0,0.0,0.0,0.0,12.0,146.0,6.84375,0.0,6.0,1.3333333333333333,1.0,6.0,2.0
Shoaib Malik,106.12244897959184,10.4,5.0,52.0,0.0,5.0,4.0,24.0,4.0,0.0,0.0,0.0,0.0,2.0,87.0,9.0,0.0,5.0,1.0,0.0,5.0,0.4
NM Coulter-Nile,98.11320754716981,4.7272727272727275,11.0,52.0,4.0,3.0,8.0,14.0,1.0,0.0,0.0,0.0,0.0,36.0,739.0,7.566552901023891,0.0,25.0,0.2727272727272727,0.36363636363636365,25.0,1.44
RP Singh,66.66666666666666,1.8571428571428572,28.0,52.0,1.0,2.0,15.0,31.0,2.0,1.0,0.0,0.0,0.0,90.0,2417.0,7.7385272145144075,0.0,82.0,0.07142857142857142,0.03571428571428571,82.0,1.0975609756097562
KB Arun Karthik,96.22641509433963,6.375,8.0,51.0,1.0,4.0,5.0,20.0,3.0,1.0,0.0,0.0,0.0,0.0,0.0,0.0,0.0,0.0,0.5,0.125,8.0,0.0
R Rampaul,98.07692307692307,7.285714285714286,7.0,51.0,2.0,3.0,5.0,15.0,6.0,0.0,0.0,0.0,0.0,16.0,319.0,6.884892086330935,0.0,12.0,0.42857142857142855,0.2857142857142857,12.0,1.3333333333333333
RV Gomez,94.33962264150944,5.555555555555555,9.0,50.0,1.0,5.0,5.0,16.0,4.0,0.0,0.0,0.0,0.0,5.0,130.0,8.041237113402062,0.0,9.0,0.5555555555555556,0.1111111111111111,9.0,0.5555555555555556
AS Yadav,122.50000000000001,8.166666666666666,6.0,49.0,2.0,5.0,5.0,13.0,2.0,0.0,0.0,0.0,0.0,0.0,0.0,0.0,0.0,0.0,0.8333333333333334,0.3333333333333333,6.0,0.0
SB Bangar,84.48275862068965,7.0,7.0,49.0,3.0,1.0,7.0,25.0,1.0,0.0,0.0,0.0,0.0,4.0,221.0,8.666666666666666,0.0,9.0,0.14285714285714285,0.42857142857142855,9.0,0.4444444444444444
AG Paunikar,80.32786885245902,9.8,5.0,49.0,0.0,9.0,5.0,9.0,2.0,0.0,0.0,0.0,0.0,0.0,0.0,0.0,0.0,0.0,1.8,0.0,5.0,0.0
J Suchith,145.45454545454547,9.6,5.0,48.0,2.0,4.0,1.0,10.0,5.0,0.0,0.0,0.0,0.0,10.0,369.0,8.75098814229249,0.0,13.0,0.8,0.4,13.0,0.7692307692307693
HV Patel,123.6842105263158,3.9166666666666665,12.0,47.0,3.0,2.0,9.0,15.0,3.0,0.0,0.0,0.0,0.0,34.0,999.0,8.47807637906648,0.0,34.0,0.16666666666666666,0.25,34.0,1.0
Yashpal Singh,70.1492537313433,11.75,4.0,47.0,0.0,5.0,4.0,20.0,2.0,1.0,0.0,0.0,0.0,0.0,0.0,0.0,0.0,0.0,1.25,0.0,4.0,0.0
Mohammed Shami,100.0,3.5384615384615383,13.0,46.0,2.0,4.0,7.0,14.0,2.0,0.0,0.0,0.0,0.0,18.0,960.0,8.74051593323217,0.0,31.0,0.3076923076923077,0.15384615384615385,31.0,0.5806451612903226
VR Aaron,82.14285714285714,5.111111111111111,9.0,46.0,2.0,2.0,4.0,18.0,4.0,0.0,0.0,0.0,0.0,38.0,1250.0,8.29646017699115,0.0,40.0,0.2222222222222222,0.2222222222222222,40.0,0.95
CR Woakes,97.87234042553192,6.571428571428571,7.0,46.0,1.0,4.0,4.0,18.0,3.0,0.0,0.0,0.0,0.0,17.0,393.0,8.482014388489208,0.0,13.0,0.5714285714285714,0.14285714285714285,13.0,1.3076923076923077
I Sharma,76.27118644067797,2.6470588235294117,17.0,45.0,1.0,3.0,6.0,21.0,3.0,0.0,0.0,0.0,0.0,58.0,2291.0,8.024518388791593,0.0,76.0,0.17647058823529413,0.058823529411764705,76.0,0.7631578947368421
Sunny Singh,138.70967741935485,8.6,5.0,43.0,1.0,6.0,4.0,11.0,1.0,0.0,0.0,0.0,0.0,0.0,0.0,0.0,0.0,0.0,1.2,0.2,5.0,0.0
JDS Neesham,91.30434782608695,14.0,3.0,42.0,1.0,3.0,3.0,10.0,7.0,0.0,0.0,0.0,0.0,1.0,96.0,10.105263157894736,0.0,4.0,1.0,0.3333333333333333,4.0,0.25
SK Trivedi,68.85245901639344,3.0,14.0,42.0,1.0,3.0,7.0,16.0,4.0,0.0,0.0,0.0,0.0,65.0,1944.0,7.491329479768787,0.0,75.0,0.21428571428571427,0.07142857142857142,75.0,0.8666666666666667
AB Barath,97.67441860465115,14.0,3.0,42.0,1.0,5.0,2.0,14.0,1.0,0.0,0.0,0.0,0.0,0.0,0.0,0.0,0.0,0.0,1.6666666666666667,0.3333333333333333,3.0,0.0
A Nehra,65.07936507936508,2.411764705882353,17.0,41.0,1.0,3.0,7.0,21.0,1.0,0.0,0.0,0.0,0.0,106.0,2537.0,7.711246200607903,0.0,88.0,0.17647058823529413,0.058823529411764705,88.0,1.2045454545454546
LPC Silva,148.14814814814815,13.333333333333334,3.0,40.0,1.0,5.0,2.0,8.0,3.0,0.0,0.0,0.0,0.0,0.0,21.0,21.0,0.0,1.0,1.6666666666666667,0.3333333333333333,3.0,0.0
BR Dunk,111.11111111111111,13.333333333333334,3.0,40.0,0.0,7.0,3.0,6.0,3.0,0.0,0.0,0.0,0.0,0.0,0.0,0.0,0.0,0.0,2.3333333333333335,0.0,3.0,0.0
MM Patel,95.1219512195122,3.25,12.0,39.0,0.0,5.0,6.0,17.0,1.0,0.0,0.0,0.0,0.0,74.0,1733.0,7.523878437047757,0.0,63.0,0.4166666666666667,0.0,63.0,1.1746031746031746
AUK Pathan,150.0,5.571428571428571,7.0,39.0,2.0,5.0,5.0,3.0,2.0,0.0,0.0,0.0,0.0,0.0,63.0,9.21951219512195,0.0,3.0,0.7142857142857143,0.2857142857142857,7.0,0.0
Umar Gul,205.26315789473685,9.75,4.0,39.0,5.0,1.0,3.0,5.0,0.0,0.0,0.0,0.0,0.0,12.0,198.0,7.764705882352942,0.0,6.0,0.25,1.25,6.0,2.0
DJ Thornely,72.22222222222221,9.75,4.0,39.0,2.0,2.0,3.0,19.0,0.0,0.0,0.0,0.0,0.0,3.0,40.0,5.454545454545454,0.0,4.0,0.5,0.5,4.0,0.75
JO Holder,118.75,7.6,5.0,38.0,2.0,4.0,5.0,6.0,2.0,0.0,0.0,0.0,0.0,5.0,313.0,8.236842105263158,0.0,11.0,0.8,0.4,11.0,0.45454545454545453
SP Jackson,122.58064516129032,12.666666666666666,3.0,38.0,0.0,5.0,2.0,14.0,2.0,0.0,0.0,0.0,0.0,0.0,0.0,0.0,0.0,0.0,1.6666666666666667,0.0,3.0,0.0
S Narwal,127.58620689655173,9.25,4.0,37.0,0.0,6.0,3.0,9.0,2.0,0.0,0.0,0.0,0.0,5.0,203.0,10.778761061946902,0.0,6.0,1.5,0.0,6.0,0.8333333333333334
AN Ahmed,133.33333333333331,6.0,6.0,36.0,1.0,4.0,1.0,8.0,3.0,0.0,0.0,0.0,0.0,12.0,515.0,8.535911602209945,0.0,17.0,0.6666666666666666,0.16666666666666666,17.0,0.7058823529411765
KW Richardson,92.3076923076923,9.0,4.0,36.0,1.0,2.0,3.0,16.0,3.0,0.0,0.0,0.0,0.0,18.0,450.0,8.282208588957054,0.0,14.0,0.5,0.25,14.0,1.2857142857142858
L Balaji,72.0,2.769230769230769,13.0,36.0,1.0,2.0,8.0,15.0,2.0,1.0,0.0,0.0,0.0,76.0,2083.0,7.940279542566708,0.0,73.0,0.15384615384615385,0.07692307692307693,73.0,1.0410958904109588
Sohail Tanvir,116.12903225806453,7.2,5.0,36.0,1.0,3.0,3.0,14.0,2.0,0.0,0.0,0.0,0.0,22.0,275.0,6.226415094339623,0.0,11.0,0.6,0.2,11.0,2.0
Joginder Sharma,120.0,7.2,5.0,36.0,2.0,1.0,4.0,14.0,3.0,0.0,0.0,0.0,0.0,12.0,421.0,9.286764705882353,0.0,15.0,0.2,0.4,15.0,0.8
A Kumble,71.42857142857143,2.3333333333333335,15.0,35.0,0.0,3.0,3.0,21.0,1.0,0.0,0.0,0.0,0.0,45.0,1089.0,6.646998982706002,0.0,42.0,0.2,0.0,42.0,1.0714285714285714
R Tewatia,145.83333333333331,11.666666666666666,3.0,35.0,1.0,4.0,2.0,7.0,3.0,0.0,0.0,0.0,0.0,6.0,141.0,6.609375,0.0,7.0,1.3333333333333333,0.3333333333333333,7.0,0.8571428571428571
B Sumanth,92.10526315789474,8.75,4.0,35.0,0.0,3.0,1.0,17.0,3.0,0.0,0.0,0.0,0.0,0.0,0.0,0.0,0.0,0.0,0.75,0.0,4.0,0.0
AP Dole,147.82608695652172,17.0,2.0,34.0,1.0,3.0,2.0,8.0,4.0,0.0,0.0,0.0,0.0,5.0,114.0,9.36986301369863,0.0,3.0,1.5,0.5,3.0,1.6666666666666667
L Ronchi,91.8918918918919,6.8,5.0,34.0,1.0,6.0,5.0,4.0,0.0,0.0,0.0,0.0,0.0,0.0,0.0,0.0,0.0,0.0,1.2,0.2,5.0,0.0
A Mithun,130.76923076923077,5.666666666666667,6.0,34.0,1.0,4.0,5.0,8.0,2.0,0.0,0.0,0.0,0.0,7.0,477.0,9.173076923076923,0.0,16.0,0.6666666666666666,0.16666666666666666,16.0,0.4375
S Sreesanth,59.64912280701754,2.8333333333333335,12.0,34.0,0.0,6.0,4.0,6.0,2.0,0.0,0.0,0.0,0.0,40.0,1221.0,7.736008447729672,0.0,44.0,0.5,0.0,44.0,0.9090909090909091
D Salunkhe,137.5,11.0,3.0,33.0,0.0,5.0,2.0,9.0,2.0,0.0,0.0,0.0,0.0,1.0,80.0,9.411764705882353,0.0,5.0,1.6666666666666667,0.0,5.0,0.2
Anureet Singh,76.74418604651163,4.714285714285714,7.0,33.0,1.0,2.0,4.0,19.0,0.0,0.0,0.0,0.0,0.0,17.0,594.0,8.77832512315271,0.0,19.0,0.2857142857142857,0.14285714285714285,19.0,0.8947368421052632
RJ Peterson,100.0,6.4,5.0,32.0,1.0,3.0,3.0,12.0,1.0,0.0,0.0,0.0,0.0,3.0,70.0,8.75,0.0,4.0,0.6,0.2,5.0,0.6
T Taibu,119.23076923076923,10.333333333333334,3.0,31.0,0.0,3.0,3.0,9.0,5.0,0.0,0.0,0.0,0.0,0.0,0.0,0.0,0.0,0.0,1.0,0.0,3.0,0.0
S Sriram,81.57894736842105,15.5,2.0,31.0,0.0,3.0,2.0,15.0,2.0,0.0,0.0,0.0,0.0,0.0,49.0,16.333333333333336,0.0,2.0,1.5,0.0,2.0,0.0
C Munro,96.7741935483871,10.0,3.0,30.0,0.0,3.0,3.0,12.0,3.0,0.0,0.0,0.0,0.0,0.0,15.0,7.5,0.0,2.0,1.0,0.0,3.0,0.0
VH Zol,111.53846153846155,14.5,2.0,29.0,1.0,3.0,2.0,7.0,2.0,0.0,0.0,0.0,0.0,0.0,0.0,0.0,0.0,0.0,1.5,0.5,2.0,0.0
J Syed Mohammad,107.40740740740742,5.8,5.0,29.0,0.0,4.0,2.0,11.0,1.0,0.0,0.0,0.0,0.0,8.0,286.0,8.755102040816325,0.0,11.0,0.8,0.0,11.0,0.7272727272727273
SB Jakati,93.33333333333333,5.6,5.0,28.0,0.0,3.0,1.0,14.0,1.0,0.0,0.0,0.0,0.0,47.0,1474.0,8.032697547683924,0.0,57.0,0.6,0.0,57.0,0.8245614035087719
Basil Thampi,93.33333333333333,5.6,5.0,28.0,1.0,1.0,0.0,12.0,3.0,0.0,0.0,0.0,0.0,11.0,428.0,9.237410071942445,0.0,12.0,0.2,0.2,12.0,0.9166666666666666
NL McCullum,113.04347826086956,13.0,2.0,26.0,1.0,0.0,1.0,9.0,4.0,1.0,0.0,0.0,0.0,0.0,35.0,7.0,0.0,2.0,0.0,0.5,2.0,0.0
JM Kemp,104.0,13.0,2.0,26.0,1.0,1.0,2.0,9.0,2.0,1.0,0.0,0.0,0.0,3.0,58.0,7.404255319148936,0.0,5.0,0.5,0.5,5.0,0.6
AB Dinda,52.0,1.625,16.0,26.0,0.0,2.0,10.0,16.0,1.0,0.0,0.0,0.0,0.0,69.0,2103.0,7.940843297671492,0.0,75.0,0.125,0.0,75.0,0.92
S Nadeem,36.61971830985916,1.625,16.0,26.0,0.0,1.0,12.0,16.0,3.0,0.0,0.0,0.0,0.0,37.0,1332.0,7.0290237467018475,0.0,53.0,0.0625,0.0,53.0,0.6981132075471698
Sandeep Sharma,72.22222222222221,2.3636363636363638,11.0,26.0,0.0,1.0,1.0,20.0,1.0,0.0,0.0,0.0,0.0,71.0,1623.0,7.649646504320503,0.0,56.0,0.09090909090909091,0.0,56.0,1.2678571428571428
JJ Bumrah,92.5925925925926,4.166666666666667,6.0,25.0,1.0,1.0,2.0,11.0,2.0,0.0,0.0,0.0,0.0,46.0,1433.0,7.931734317343174,0.0,47.0,0.16666666666666666,0.16666666666666666,47.0,0.9787234042553191
S Chanderpaul,75.75757575757575,8.333333333333334,3.0,25.0,0.0,4.0,3.0,9.0,0.0,0.0,0.0,0.0,0.0,0.0,0.0,0.0,0.0,0.0,1.3333333333333333,0.0,3.0,0.0
A Choudhary,125.0,8.333333333333334,3.0,25.0,1.0,1.0,1.0,13.0,1.0,0.0,0.0,0.0,0.0,5.0,144.0,8.0,1.0,5.0,0.3333333333333333,0.3333333333333333,5.0,1.0
MA Khote,109.09090909090908,8.0,3.0,24.0,1.0,2.0,2.0,8.0,1.0,0.0,0.0,0.0,0.0,2.0,52.0,10.4,0.0,2.0,0.6666666666666666,0.3333333333333333,3.0,0.6666666666666666
ER Dwivedi,160.0,12.0,2.0,24.0,2.0,2.0,2.0,4.0,0.0,0.0,0.0,0.0,0.0,0.0,0.0,0.0,0.0,0.0,1.0,1.0,2.0,0.0
PJ Sangwan,66.66666666666666,2.0,12.0,24.0,0.0,1.0,6.0,14.0,3.0,0.0,0.0,0.0,0.0,35.0,1181.0,8.46594982078853,0.0,38.0,0.08333333333333333,0.0,38.0,0.9210526315789473
NS Naik,69.6969696969697,11.5,2.0,23.0,0.0,1.0,2.0,13.0,3.0,0.0,0.0,0.0,0.0,0.0,0.0,0.0,0.0,0.0,0.5,0.0,2.0,0.0
J Arunkumar,95.83333333333334,7.666666666666667,3.0,23.0,0.0,5.0,3.0,3.0,0.0,0.0,0.0,0.0,0.0,0.0,0.0,0.0,0.0,0.0,1.6666666666666667,0.0,3.0,0.0
SW Tait,88.46153846153845,4.6,5.0,23.0,1.0,1.0,3.0,13.0,0.0,0.0,0.0,0.0,0.0,23.0,668.0,7.50561797752809,0.0,21.0,0.2,0.2,21.0,1.0952380952380953
BMAJ Mendis,85.18518518518519,7.666666666666667,3.0,23.0,0.0,0.0,3.0,15.0,4.0,0.0,0.0,0.0,0.0,1.0,36.0,7.199999999999999,0.0,2.0,0.0,0.0,3.0,0.3333333333333333
MS Wade,66.66666666666666,7.333333333333333,3.0,22.0,0.0,0.0,3.0,14.0,4.0,0.0,0.0,0.0,0.0,0.0,0.0,0.0,0.0,0.0,0.0,0.0,3.0,0.0
GB Hogg,100.0,5.5,4.0,22.0,0.0,1.0,3.0,14.0,2.0,0.0,0.0,0.0,0.0,23.0,585.0,7.532188841201716,0.0,21.0,0.25,0.0,21.0,1.0952380952380953
CA Ingram,80.76923076923077,7.0,3.0,21.0,0.0,2.0,2.0,11.0,1.0,0.0,0.0,0.0,0.0,0.0,0.0,0.0,0.0,0.0,0.6666666666666666,0.0,3.0,0.0
DE Bollinger,91.30434782608695,5.25,4.0,21.0,1.0,1.0,1.0,9.0,1.0,0.0,0.0,0.0,0.0,37.0,716.0,7.16,0.0,27.0,0.25,0.25,27.0,1.3703703703703705
M Muralitharan,66.66666666666666,2.2222222222222223,9.0,20.0,0.0,1.0,6.0,9.0,2.0,1.0,0.0,0.0,0.0,64.0,1765.0,6.698292220113853,0.0,66.0,0.1111111111111111,0.0,66.0,0.9696969696969697
AC Thomas,105.26315789473684,5.0,4.0,20.0,1.0,1.0,2.0,8.0,1.0,0.0,0.0,0.0,0.0,14.0,416.0,7.63302752293578,0.0,15.0,0.25,0.25,15.0,0.9333333333333333
Harpreet Singh,76.92307692307693,6.666666666666667,3.0,20.0,0.0,0.0,2.0,16.0,2.0,0.0,0.0,0.0,0.0,0.0,0.0,0.0,0.0,0.0,0.0,0.0,3.0,0.0
Kuldeep Yadav,90.9090909090909,10.0,2.0,20.0,0.0,2.0,2.0,10.0,1.0,0.0,0.0,0.0,0.0,18.0,447.0,8.277777777777777,0.0,14.0,1.0,0.0,14.0,1.2857142857142858
NJ Maddinson,95.23809523809523,6.666666666666667,3.0,20.0,0.0,4.0,3.0,1.0,0.0,1.0,0.0,0.0,0.0,0.0,0.0,0.0,0.0,0.0,1.3333333333333333,0.0,3.0,0.0
RR Raje,111.11111111111111,4.0,5.0,20.0,1.0,1.0,1.0,10.0,0.0,0.0,0.0,0.0,0.0,6.0,214.0,8.916666666666668,0.0,10.0,0.2,0.2,10.0,0.6
AD Nath,71.42857142857143,5.0,4.0,20.0,0.0,1.0,4.0,10.0,3.0,0.0,0.0,0.0,0.0,0.0,0.0,0.0,0.0,0.0,0.25,0.0,4.0,0.0
R Shukla,82.6086956521739,4.75,4.0,19.0,0.0,2.0,1.0,11.0,0.0,0.0,0.0,0.0,0.0,5.0,217.0,10.015384615384615,0.0,7.0,0.5,0.0,7.0,0.7142857142857143
A Mukund,82.6086956521739,9.5,2.0,19.0,0.0,1.0,2.0,11.0,2.0,0.0,0.0,0.0,0.0,0.0,0.0,0.0,0.0,0.0,0.5,0.0,2.0,0.0
Y Gnaneswara Rao,105.55555555555556,19.0,1.0,19.0,0.0,3.0,1.0,5.0,1.0,0.0,0.0,0.0,0.0,0.0,7.0,7.0,0.0,1.0,3.0,0.0,1.0,0.0
Vishnu Vinod,73.07692307692307,6.333333333333333,3.0,19.0,1.0,1.0,3.0,9.0,0.0,0.0,0.0,0.0,0.0,0.0,0.0,0.0,0.0,0.0,0.3333333333333333,0.3333333333333333,3.0,0.0
DR Martyn,73.07692307692307,19.0,1.0,19.0,0.0,1.0,1.0,15.0,0.0,0.0,0.0,0.0,0.0,0.0,0.0,0.0,0.0,0.0,1.0,0.0,1.0,0.0
R Bishnoi,111.76470588235294,6.333333333333333,3.0,19.0,2.0,1.0,3.0,3.0,0.0,0.0,0.0,0.0,0.0,0.0,0.0,0.0,0.0,0.0,0.3333333333333333,0.6666666666666666,3.0,0.0
P Sahu,146.15384615384613,9.5,2.0,19.0,1.0,1.0,1.0,5.0,2.0,0.0,0.0,0.0,0.0,3.0,152.0,8.523364485981308,0.0,5.0,0.5,0.5,5.0,0.6
Harmeet Singh,150.0,4.5,4.0,18.0,0.0,3.0,4.0,2.0,2.0,0.0,0.0,0.0,0.0,26.0,713.0,7.7923497267759565,0.0,27.0,0.75,0.0,27.0,0.9629629629629629
PV Tambe,46.15384615384615,3.0,6.0,18.0,0.0,1.0,2.0,14.0,0.0,0.0,0.0,0.0,0.0,28.0,866.0,7.70919881305638,0.0,33.0,0.16666666666666666,0.0,33.0,0.8484848484848485
BJ Haddin,163.63636363636365,18.0,1.0,18.0,1.0,2.0,1.0,2.0,1.0,0.0,0.0,0.0,0.0,0.0,0.0,0.0,0.0,0.0,2.0,1.0,1.0,0.0
Imran Tahir,72.0,3.0,6.0,18.0,0.0,3.0,4.0,4.0,1.0,0.0,0.0,0.0,0.0,47.0,1002.0,8.190735694822889,0.0,32.0,0.5,0.0,32.0,1.46875
DS Lehmann,94.73684210526315,9.0,2.0,18.0,0.0,3.0,2.0,6.0,0.0,0.0,0.0,0.0,0.0,0.0,0.0,0.0,0.0,0.0,1.5,0.0,2.0,0.0
JJ van der Wath,105.88235294117648,6.0,3.0,18.0,1.0,1.0,2.0,6.0,1.0,0.0,0.0,0.0,0.0,3.0,134.0,10.578947368421051,0.0,3.0,0.3333333333333333,0.3333333333333333,3.0,1.0
Parvez Rasool,85.0,4.25,4.0,17.0,0.0,1.0,2.0,11.0,1.0,0.0,0.0,0.0,0.0,4.0,273.0,8.19,0.0,11.0,0.25,0.0,11.0,0.36363636363636365
PP Ojha,35.55555555555556,0.8421052631578947,19.0,16.0,0.0,0.0,12.0,14.0,1.0,0.0,0.0,0.0,0.0,89.0,2399.0,7.40051413881748,0.0,90.0,0.0,0.0,90.0,0.9888888888888889
CK Kapugedera,66.66666666666666,5.333333333333333,3.0,16.0,0.0,0.0,3.0,12.0,2.0,0.0,0.0,0.0,0.0,0.0,49.0,17.294117647058822,0.0,3.0,0.0,0.0,3.0,0.0
C Madan,71.42857142857143,15.0,1.0,15.0,0.0,3.0,1.0,3.0,0.0,0.0,0.0,0.0,0.0,0.0,0.0,0.0,0.0,0.0,3.0,0.0,1.0,0.0
SA Abbott,115.38461538461537,7.5,2.0,15.0,1.0,1.0,2.0,3.0,1.0,0.0,0.0,0.0,0.0,0.0,57.0,10.6875,0.0,2.0,0.5,0.5,2.0,0.0
VY Mahesh,53.57142857142857,3.0,5.0,15.0,0.0,0.0,2.0,11.0,2.0,0.0,0.0,0.0,0.0,21.0,511.0,8.540389972144848,0.0,17.0,0.0,0.0,17.0,1.2352941176470589
GR Napier,93.75,15.0,1.0,15.0,0.0,1.0,1.0,5.0,3.0,0.0,0.0,0.0,0.0,1.0,28.0,7.0,0.0,1.0,1.0,0.0,1.0,1.0
YS Chahal,51.724137931034484,1.875,8.0,15.0,0.0,0.0,3.0,13.0,1.0,0.0,0.0,0.0,0.0,70.0,1600.0,7.875307629204267,0.0,55.0,0.0,0.0,55.0,1.2727272727272727
KC Cariappa,83.33333333333334,3.75,4.0,15.0,1.0,0.0,3.0,9.0,0.0,0.0,0.0,0.0,0.0,8.0,315.0,8.957345971563981,0.0,10.0,0.0,0.25,10.0,0.8
MDKJ Perera,107.6923076923077,7.0,2.0,14.0,0.0,3.0,2.0,2.0,0.0,0.0,0.0,0.0,0.0,0.0,0.0,0.0,0.0,0.0,1.5,0.0,2.0,0.0
S Gopal,51.85185185185185,4.666666666666667,3.0,14.0,0.0,1.0,2.0,10.0,0.0,0.0,0.0,0.0,0.0,7.0,155.0,8.017241379310345,0.0,6.0,0.3333333333333333,0.0,6.0,1.1666666666666667
DL Chahar,233.33333333333334,14.0,1.0,14.0,2.0,0.0,1.0,2.0,0.0,0.0,0.0,0.0,0.0,1.0,117.0,9.116883116883116,0.0,5.0,0.0,2.0,5.0,0.2
F Behardien,107.6923076923077,4.666666666666667,3.0,14.0,0.0,2.0,2.0,6.0,0.0,0.0,0.0,0.0,0.0,0.0,0.0,0.0,0.0,0.0,0.6666666666666666,0.0,3.0,0.0
DT Patil,100.0,6.5,2.0,13.0,0.0,1.0,2.0,5.0,2.0,0.0,0.0,0.0,0.0,0.0,0.0,0.0,0.0,0.0,0.5,0.0,2.0,0.0
KJ Abbott,162.5,4.333333333333333,3.0,13.0,1.0,0.0,1.0,2.0,1.0,1.0,0.0,0.0,0.0,2.0,182.0,10.705882352941178,0.0,5.0,0.0,0.3333333333333333,5.0,0.4
S Badree,52.0,2.6,5.0,13.0,0.0,0.0,5.0,9.0,2.0,0.0,0.0,0.0,0.0,11.0,329.0,7.505703422053232,0.0,12.0,0.0,0.0,12.0,0.9166666666666666
DAJ Bracewell,133.33333333333331,12.0,1.0,12.0,0.0,1.0,0.0,6.0,1.0,0.0,0.0,0.0,0.0,3.0,32.0,7.68,0.0,1.0,1.0,0.0,1.0,3.0
AR Bawne,100.0,12.0,1.0,12.0,0.0,1.0,0.0,6.0,1.0,0.0,0.0,0.0,0.0,0.0,0.0,0.0,0.0,0.0,1.0,0.0,1.0,0.0
AA Chavan,109.09090909090908,4.0,3.0,12.0,0.0,2.0,2.0,4.0,0.0,0.0,0.0,0.0,0.0,8.0,339.0,7.976470588235294,0.0,13.0,0.6666666666666666,0.0,13.0,0.6153846153846154
K Upadhyay,133.33333333333331,6.0,2.0,12.0,1.0,0.0,0.0,4.0,1.0,0.0,0.0,0.0,0.0,0.0,81.0,8.678571428571429,0.0,3.0,0.0,0.5,3.0,0.0
Swapnil Singh,60.0,4.0,3.0,12.0,0.0,0.0,3.0,8.0,2.0,0.0,0.0,0.0,0.0,1.0,90.0,8.852459016393443,0.0,5.0,0.0,0.0,5.0,0.2
T Thushara,63.1578947368421,3.0,4.0,12.0,0.0,0.0,2.0,6.0,3.0,0.0,0.0,0.0,0.0,8.0,164.0,6.833333333333333,0.0,6.0,0.0,0.0,6.0,1.3333333333333333
Karanveer Singh,70.58823529411765,3.0,4.0,12.0,0.0,1.0,1.0,6.0,1.0,0.0,0.0,0.0,0.0,12.0,323.0,9.098591549295774,0.0,9.0,0.25,0.0,9.0,1.3333333333333333
T Henderson,68.75,5.5,2.0,11.0,1.0,0.0,2.0,3.0,1.0,0.0,0.0,0.0,0.0,1.0,41.0,6.833333333333333,0.0,2.0,0.0,0.5,2.0,0.5
M Ntini,57.89473684210527,5.5,2.0,11.0,0.0,2.0,1.0,1.0,1.0,0.0,0.0,0.0,0.0,7.0,257.0,7.23943661971831,0.0,9.0,1.0,0.0,9.0,0.7777777777777778
DNT Zoysa,122.22222222222223,5.5,2.0,11.0,0.0,1.0,1.0,3.0,2.0,0.0,0.0,0.0,0.0,2.0,100.0,8.695652173913043,0.0,3.0,0.5,0.0,3.0,0.6666666666666666
Rashid Khan,122.22222222222223,3.6666666666666665,3.0,11.0,1.0,0.0,2.0,3.0,1.0,0.0,0.0,0.0,0.0,17.0,368.0,6.731707317073171,0.0,14.0,0.0,0.3333333333333333,14.0,1.2142857142857142
T Kohli,55.00000000000001,3.6666666666666665,3.0,11.0,1.0,0.0,3.0,5.0,0.0,0.0,0.0,0.0,0.0,0.0,0.0,0.0,0.0,0.0,0.0,0.3333333333333333,3.0,0.0
AG Murtaza,71.42857142857143,3.3333333333333335,3.0,10.0,0.0,1.0,1.0,6.0,0.0,0.0,0.0,0.0,0.0,9.0,322.0,7.182156133828997,0.0,12.0,0.3333333333333333,0.0,12.0,0.75
KAJ Roach,111.11111111111111,10.0,1.0,10.0,0.0,1.0,1.0,4.0,1.0,0.0,0.0,0.0,0.0,0.0,80.0,9.230769230769232,0.0,2.0,1.0,0.0,2.0,0.0
X Thalaivan Sargunam,58.82352941176471,10.0,1.0,10.0,0.0,0.0,1.0,6.0,2.0,0.0,0.0,0.0,0.0,0.0,0.0,0.0,0.0,0.0,0.0,0.0,1.0,0.0
TD Paine,34.48275862068966,5.0,2.0,10.0,0.0,0.0,2.0,10.0,0.0,0.0,0.0,0.0,0.0,0.0,0.0,0.0,0.0,0.0,0.0,0.0,2.0,0.0
SMSM Senanayake,58.82352941176471,2.5,4.0,10.0,0.0,0.0,1.0,8.0,1.0,0.0,0.0,0.0,0.0,9.0,211.0,6.492307692307692,0.0,8.0,0.0,0.0,8.0,1.125
D du Preez,76.92307692307693,10.0,1.0,10.0,0.0,0.0,1.0,6.0,2.0,0.0,0.0,0.0,0.0,4.0,56.0,7.813953488372094,1.0,2.0,0.0,0.0,2.0,2.0
J Theron,76.92307692307693,2.5,4.0,10.0,0.0,1.0,2.0,6.0,0.0,0.0,0.0,0.0,0.0,11.0,311.0,7.940425531914894,0.0,10.0,0.25,0.0,10.0,1.1
SM Harwood,64.28571428571429,4.5,2.0,9.0,0.0,0.0,0.0,5.0,2.0,0.0,0.0,0.0,0.0,3.0,74.0,6.6268656716417915,0.0,3.0,0.0,0.0,3.0,1.0
AA Noffke,75.0,9.0,1.0,9.0,0.0,1.0,1.0,5.0,0.0,0.0,0.0,0.0,0.0,1.0,41.0,9.84,0.0,1.0,1.0,0.0,1.0,1.0
S Kaul,69.23076923076923,3.0,3.0,9.0,0.0,0.0,0.0,3.0,3.0,0.0,0.0,0.0,0.0,22.0,611.0,8.408256880733946,1.0,21.0,0.0,0.0,21.0,1.0476190476190477
Washington Sundar,75.0,1.8,5.0,9.0,0.0,0.0,1.0,3.0,3.0,0.0,0.0,0.0,0.0,8.0,189.0,6.230769230769232,0.0,10.0,0.0,0.0,10.0,0.8
TS Mills,72.72727272727273,2.6666666666666665,3.0,8.0,1.0,0.0,3.0,2.0,0.0,0.0,0.0,0.0,0.0,5.0,157.0,8.486486486486486,0.0,5.0,0.0,0.3333333333333333,5.0,1.0
CJ McKay,53.333333333333336,8.0,1.0,8.0,0.0,0.0,1.0,6.0,1.0,0.0,0.0,0.0,0.0,1.0,60.0,8.571428571428571,0.0,2.0,0.0,0.0,2.0,0.5
CK Langeveldt,88.88888888888889,4.0,2.0,8.0,1.0,0.0,2.0,2.0,0.0,0.0,0.0,0.0,0.0,13.0,199.0,7.236363636363636,0.0,7.0,0.0,0.5,7.0,1.8571428571428572
Jaskaran Singh,72.72727272727273,2.0,4.0,8.0,0.0,0.0,1.0,4.0,2.0,0.0,0.0,0.0,0.0,6.0,174.0,9.405405405405405,0.0,7.0,0.0,0.0,7.0,0.8571428571428571
TM Srivastava,72.72727272727273,2.6666666666666665,3.0,8.0,0.0,0.0,1.0,5.0,0.0,1.0,0.0,0.0,0.0,0.0,0.0,0.0,0.0,0.0,0.0,0.0,3.0,0.0
I Malhotra,175.0,7.0,1.0,7.0,0.0,1.0,0.0,3.0,0.0,0.0,0.0,0.0,0.0,0.0,23.0,23.0,0.0,1.0,1.0,0.0,1.0,0.0
Ankit Soni,77.77777777777779,2.3333333333333335,3.0,7.0,1.0,0.0,2.0,1.0,0.0,0.0,0.0,0.0,0.0,2.0,145.0,7.767857142857143,0.0,6.0,0.0,0.3333333333333333,6.0,0.3333333333333333
AN Ghosh,87.5,3.5,2.0,7.0,0.0,1.0,2.0,1.0,1.0,0.0,0.0,0.0,0.0,0.0,0.0,0.0,0.0,0.0,0.5,0.0,2.0,0.0
UA Birla,46.666666666666664,7.0,1.0,7.0,0.0,1.0,1.0,3.0,0.0,0.0,0.0,0.0,0.0,0.0,0.0,0.0,0.0,0.0,1.0,0.0,1.0,0.0
VS Malik,100.0,3.5,2.0,7.0,0.0,1.0,1.0,3.0,0.0,0.0,0.0,0.0,0.0,6.0,268.0,7.584905660377358,0.0,13.0,0.5,0.0,13.0,0.46153846153846156
Pankaj Singh,58.333333333333336,1.4,5.0,7.0,0.0,0.0,2.0,5.0,1.0,0.0,0.0,0.0,0.0,11.0,472.0,9.106109324758842,0.0,17.0,0.0,0.0,17.0,0.6470588235294118
SN Thakur,77.77777777777779,1.75,4.0,7.0,0.0,1.0,3.0,3.0,0.0,0.0,0.0,0.0,0.0,12.0,358.0,8.293436293436294,0.0,13.0,0.25,0.0,13.0,0.9230769230769231
AF Milne,58.333333333333336,2.3333333333333335,3.0,7.0,0.0,0.0,2.0,5.0,1.0,0.0,0.0,0.0,0.0,4.0,185.0,9.652173913043478,0.0,5.0,0.0,0.0,5.0,0.8
AS Rajpoot,46.15384615384615,3.0,2.0,6.0,0.0,1.0,1.0,0.0,1.0,0.0,0.0,0.0,0.0,8.0,251.0,8.184782608695652,0.0,11.0,0.5,0.0,11.0,0.7272727272727273
DM Bravo,120.0,6.0,1.0,6.0,0.0,1.0,0.0,2.0,0.0,0.0,0.0,0.0,0.0,0.0,0.0,0.0,0.0,0.0,1.0,0.0,1.0,0.0
BA Bhatt,85.71428571428571,3.0,2.0,6.0,1.0,0.0,1.0,0.0,0.0,0.0,0.0,0.0,0.0,12.0,408.0,8.07920792079208,0.0,15.0,0.0,0.5,15.0,0.8
SB Joshi,37.5,3.0,2.0,6.0,0.0,0.0,2.0,6.0,0.0,0.0,0.0,0.0,0.0,1.0,82.0,8.945454545454545,0.0,4.0,0.0,0.0,4.0,0.25
SS Shaikh,85.71428571428571,6.0,1.0,6.0,0.0,1.0,1.0,2.0,0.0,0.0,0.0,0.0,0.0,0.0,0.0,0.0,0.0,0.0,1.0,0.0,1.0,0.0
PSP Handscomb,50.0,6.0,1.0,6.0,0.0,0.0,1.0,6.0,0.0,0.0,0.0,0.0,0.0,0.0,0.0,0.0,0.0,0.0,0.0,0.0,1.0,0.0
J Yadav,50.0,3.0,2.0,6.0,0.0,0.0,2.0,6.0,0.0,0.0,0.0,0.0,0.0,4.0,197.0,6.4590163934426235,0.0,10.0,0.0,0.0,10.0,0.4
KMDN Kulasekara,166.66666666666669,5.0,1.0,5.0,0.0,1.0,0.0,1.0,0.0,0.0,0.0,0.0,0.0,5.0,122.0,6.841121495327102,0.0,5.0,1.0,0.0,5.0,1.0
SJ Srivastava,100.0,1.25,4.0,5.0,0.0,0.0,1.0,3.0,1.0,0.0,0.0,0.0,0.0,14.0,444.0,8.705882352941176,0.0,14.0,0.0,0.0,14.0,1.0
JD Unadkat,38.46153846153847,1.0,5.0,5.0,0.0,0.0,1.0,5.0,0.0,0.0,0.0,0.0,0.0,56.0,1328.0,8.008040201005025,0.0,46.0,0.0,0.0,46.0,1.2173913043478262
A Zampa,62.5,2.5,2.0,5.0,0.0,1.0,2.0,1.0,0.0,0.0,0.0,0.0,0.0,19.0,281.0,7.493333333333334,0.0,11.0,0.5,0.0,11.0,1.7272727272727273
P Awana,35.714285714285715,1.0,5.0,5.0,0.0,0.0,2.0,5.0,0.0,0.0,0.0,0.0,0.0,39.0,1046.0,8.108527131782946,0.0,33.0,0.0,0.0,33.0,1.1818181818181819
Shivam Sharma,166.66666666666669,2.5,2.0,5.0,0.0,1.0,1.0,1.0,0.0,0.0,0.0,0.0,0.0,4.0,165.0,8.68421052631579,0.0,5.0,0.5,0.0,5.0,0.8
TA Boult,62.5,5.0,1.0,5.0,0.0,0.0,0.0,1.0,2.0,0.0,0.0,0.0,0.0,15.0,500.0,8.450704225352112,0.0,14.0,0.0,0.0,14.0,1.0714285714285714
DP Nannes,30.76923076923077,2.0,2.0,4.0,0.0,0.0,1.0,4.0,0.0,0.0,0.0,0.0,0.0,28.0,815.0,7.097242380261249,0.0,29.0,0.0,0.0,29.0,0.9655172413793104
RS Sodhi,200.0,4.0,1.0,4.0,0.0,1.0,0.0,0.0,0.0,0.0,0.0,0.0,0.0,0.0,0.0,0.0,0.0,0.0,1.0,0.0,1.0,0.0
FH Edwards,80.0,2.0,2.0,4.0,0.0,0.0,1.0,1.0,0.0,1.0,0.0,0.0,0.0,5.0,160.0,6.4,0.0,6.0,0.0,0.0,6.0,0.8333333333333334
VRV Singh,133.33333333333331,2.0,2.0,4.0,0.0,1.0,2.0,0.0,0.0,0.0,0.0,0.0,0.0,12.0,549.0,8.878706199460916,0.0,18.0,0.5,0.0,18.0,0.6666666666666666
CRD Fernando,133.33333333333331,2.0,2.0,4.0,0.0,0.0,0.0,2.0,1.0,0.0,0.0,0.0,0.0,17.0,306.0,7.373493975903614,0.0,10.0,0.0,0.0,10.0,1.7
B Laughlin,44.44444444444444,2.0,2.0,4.0,0.0,0.0,1.0,4.0,0.0,0.0,0.0,0.0,0.0,1.0,72.0,9.600000000000001,0.0,2.0,0.0,0.0,2.0,0.5
A Chandila,57.14285714285714,2.0,2.0,4.0,0.0,0.0,0.0,4.0,0.0,0.0,0.0,0.0,0.0,11.0,245.0,6.282051282051283,0.0,12.0,0.0,0.0,12.0,0.9166666666666666
GD McGrath,80.0,2.0,2.0,4.0,0.0,1.0,1.0,0.0,0.0,0.0,0.0,0.0,0.0,12.0,366.0,6.674772036474164,0.0,14.0,0.5,0.0,14.0,0.8571428571428571
BB Sran,100.0,1.3333333333333333,3.0,4.0,0.0,0.0,0.0,4.0,0.0,0.0,0.0,0.0,0.0,14.0,485.0,8.434782608695652,0.0,16.0,0.0,0.0,16.0,0.875
A Uniyal,57.14285714285714,2.0,2.0,4.0,0.0,0.0,1.0,4.0,0.0,0.0,0.0,0.0,0.0,2.0,67.0,10.578947368421051,0.0,2.0,0.0,0.0,2.0,1.0
CJ Jordan,60.0,1.5,2.0,3.0,0.0,0.0,2.0,1.0,1.0,0.0,0.0,0.0,0.0,12.0,276.0,8.808510638297872,0.0,10.0,0.0,0.0,10.0,1.2
JE Taylor,75.0,1.5,2.0,3.0,0.0,0.0,1.0,1.0,1.0,0.0,0.0,0.0,0.0,6.0,167.0,8.213114754098362,0.0,5.0,0.0,0.0,5.0,1.2
D Kalyankrishna,37.5,3.0,1.0,3.0,0.0,0.0,1.0,3.0,0.0,0.0,0.0,0.0,0.0,2.0,88.0,10.56,0.0,3.0,0.0,0.0,3.0,0.6666666666666666
S Tyagi,75.0,3.0,1.0,3.0,0.0,0.0,1.0,3.0,0.0,0.0,0.0,0.0,0.0,6.0,304.0,8.290909090909091,0.0,14.0,0.0,0.0,14.0,0.42857142857142855
R Ninan,50.0,3.0,1.0,3.0,0.0,0.0,1.0,3.0,0.0,0.0,0.0,0.0,0.0,3.0,65.0,10.833333333333334,0.0,2.0,0.0,0.0,2.0,1.5
Kamran Khan,60.0,3.0,1.0,3.0,0.0,0.0,1.0,1.0,1.0,0.0,0.0,0.0,0.0,10.0,248.0,8.406779661016948,0.0,9.0,0.0,0.0,9.0,1.1111111111111112
Mohammad Asif,50.0,1.5,2.0,3.0,0.0,0.0,2.0,3.0,0.0,0.0,0.0,0.0,0.0,8.0,307.0,9.256281407035175,0.0,8.0,0.0,0.0,8.0,1.0
Younis Khan,42.857142857142854,3.0,1.0,3.0,0.0,0.0,1.0,3.0,0.0,0.0,0.0,0.0,0.0,0.0,0.0,0.0,0.0,0.0,0.0,0.0,1.0,0.0
RD Chahar,150.0,3.0,1.0,3.0,0.0,0.0,0.0,1.0,1.0,0.0,0.0,0.0,0.0,2.0,59.0,7.695652173913043,0.0,2.0,0.0,0.0,2.0,1.0
BAW Mendis,50.0,1.0,3.0,3.0,0.0,0.0,2.0,3.0,0.0,0.0,0.0,0.0,0.0,8.0,306.0,7.403225806451613,0.0,10.0,0.0,0.0,10.0,0.8
SB Wagh,66.66666666666666,1.0,2.0,2.0,0.0,0.0,2.0,0.0,1.0,0.0,0.0,0.0,0.0,5.0,147.0,8.166666666666668,0.0,8.0,0.0,0.0,8.0,0.625
RS Gavaskar,25.0,2.0,1.0,2.0,0.0,0.0,1.0,2.0,0.0,0.0,0.0,0.0,0.0,0.0,8.0,8.0,0.0,1.0,0.0,0.0,1.0,0.0
Mohammad Nabi,66.66666666666666,2.0,1.0,2.0,0.0,0.0,1.0,0.0,1.0,0.0,0.0,0.0,0.0,2.0,59.0,5.363636363636363,0.0,3.0,0.0,0.0,3.0,0.6666666666666666
Mohammad Ashraful,16.666666666666664,2.0,1.0,2.0,0.0,0.0,1.0,2.0,0.0,0.0,0.0,0.0,0.0,0.0,0.0,0.0,0.0,0.0,0.0,0.0,1.0,0.0
Mashrafe Mortaza,100.0,2.0,1.0,2.0,0.0,0.0,0.0,0.0,1.0,0.0,0.0,0.0,0.0,0.0,59.0,12.642857142857142,0.0,1.0,0.0,0.0,1.0,0.0
A Singh,20.0,0.4,5.0,2.0,0.0,0.0,4.0,2.0,0.0,0.0,0.0,0.0,0.0,28.0,639.0,7.888888888888889,0.0,23.0,0.0,0.0,23.0,1.2173913043478262
Shoaib Akhtar,25.0,2.0,1.0,2.0,0.0,0.0,1.0,2.0,0.0,0.0,0.0,0.0,0.0,5.0,54.0,7.043478260869566,0.0,3.0,0.0,0.0,3.0,1.6666666666666667
S Randiv,50.0,2.0,1.0,2.0,0.0,0.0,1.0,0.0,1.0,0.0,0.0,0.0,0.0,6.0,223.0,7.433333333333334,0.0,8.0,0.0,0.0,8.0,0.75
H Das,40.0,2.0,1.0,2.0,0.0,0.0,1.0,2.0,0.0,0.0,0.0,0.0,0.0,0.0,0.0,0.0,0.0,0.0,0.0,0.0,1.0,0.0
VS Yeligati,100.0,2.0,1.0,2.0,0.0,0.0,1.0,0.0,1.0,0.0,0.0,0.0,0.0,0.0,61.0,11.4375,0.0,2.0,0.0,0.0,2.0,0.0
KP Appanna,50.0,0.6666666666666666,3.0,2.0,0.0,0.0,1.0,2.0,0.0,0.0,0.0,0.0,0.0,9.0,291.0,7.864864864864865,0.0,13.0,0.0,0.0,13.0,0.6923076923076923
RG More,100.0,2.0,1.0,2.0,0.0,0.0,0.0,2.0,0.0,0.0,0.0,0.0,0.0,1.0,63.0,10.216216216216216,0.0,2.0,0.0,0.0,2.0,0.5
P Parameswaran,33.33333333333333,0.5,2.0,1.0,0.0,0.0,0.0,1.0,0.0,0.0,0.0,0.0,0.0,9.0,226.0,8.528301886792452,0.0,8.0,0.0,0.0,8.0,1.125
Shoaib Ahmed,16.666666666666664,0.3333333333333333,3.0,1.0,0.0,0.0,2.0,1.0,0.0,0.0,0.0,0.0,0.0,5.0,154.0,8.970873786407767,0.0,7.0,0.0,0.0,7.0,0.7142857142857143
PM Sarvesh Kumar,50.0,1.0,1.0,1.0,0.0,0.0,0.0,1.0,0.0,0.0,0.0,0.0,0.0,1.0,42.0,8.129032258064516,0.0,2.0,0.0,0.0,2.0,0.5
M de Lange,50.0,1.0,1.0,1.0,0.0,0.0,1.0,1.0,0.0,0.0,0.0,0.0,0.0,5.0,171.0,8.844827586206897,0.0,5.0,0.0,0.0,5.0,1.0
DJ Muthuswami,33.33333333333333,1.0,1.0,1.0,0.0,0.0,1.0,1.0,0.0,0.0,0.0,0.0,0.0,4.0,108.0,7.714285714285715,0.0,6.0,0.0,0.0,6.0,0.6666666666666666
SE Bond,50.0,1.0,1.0,1.0,0.0,0.0,1.0,1.0,0.0,0.0,0.0,0.0,0.0,9.0,225.0,7.068062827225131,0.0,8.0,0.0,0.0,8.0,1.125
BE Hendricks,33.33333333333333,0.5,2.0,1.0,0.0,0.0,1.0,1.0,0.0,0.0,0.0,0.0,0.0,9.0,239.0,9.13375796178344,0.0,7.0,0.0,0.0,7.0,1.2857142857142858
LH Ferguson,100.0,1.0,1.0,1.0,0.0,0.0,0.0,1.0,0.0,0.0,0.0,0.0,0.0,3.0,96.0,6.620689655172414,0.0,4.0,0.0,0.0,4.0,0.75
DP Vijaykumar,100.0,1.0,1.0,1.0,0.0,0.0,0.0,1.0,0.0,0.0,0.0,0.0,0.0,4.0,205.0,7.735849056603773,0.0,9.0,0.0,0.0,9.0,0.4444444444444444
NJ Rimmington,100.0,1.0,1.0,1.0,0.0,0.0,0.0,1.0,0.0,0.0,0.0,0.0,0.0,0.0,20.0,6.666666666666667,0.0,1.0,0.0,0.0,1.0,0.0
Tejas Baroka,0.0,0.0,0.0,0.0,0.0,0.0,0.0,0.0,0.0,0.0,0.0,0.0,0.0,0.0,33.0,9.428571428571429,0.0,1.0,,,1.0,0.0
Harmeet Singh (2),0.0,0.0,0.0,0.0,0.0,0.0,0.0,0.0,0.0,0.0,0.0,0.0,0.0,1.0,34.0,8.16,0.0,1.0,,,1.0,1.0
YA Abdulla,0.0,0.0,1.0,0.0,0.0,0.0,0.0,0.0,0.0,0.0,0.0,0.0,0.0,15.0,311.0,8.405405405405405,0.0,11.0,0.0,0.0,11.0,1.3636363636363635
U Kaul,0.0,0.0,1.0,0.0,0.0,0.0,0.0,0.0,0.0,0.0,0.0,0.0,0.0,0.0,0.0,0.0,0.0,0.0,0.0,0.0,1.0,0.0
V Pratap Singh,0.0,0.0,1.0,0.0,0.0,0.0,1.0,0.0,0.0,0.0,0.0,0.0,0.0,10.0,300.0,8.530805687203792,0.0,9.0,0.0,0.0,9.0,1.1111111111111112
Gagandeep Singh,0.0,0.0,0.0,0.0,0.0,0.0,0.0,0.0,0.0,0.0,0.0,0.0,0.0,3.0,142.0,10.142857142857142,0.0,4.0,,,4.0,0.75
IC Pandey,0.0,0.0,1.0,0.0,0.0,0.0,1.0,0.0,0.0,0.0,0.0,0.0,0.0,18.0,609.0,7.791044776119403,0.0,24.0,0.0,0.0,24.0,0.75
A Nel,0.0,0.0,0.0,0.0,0.0,0.0,1.0,0.0,0.0,0.0,0.0,0.0,0.0,1.0,31.0,10.333333333333334,0.0,1.0,,,1.0,1.0
GS Sandhu,0.0,0.0,0.0,0.0,0.0,0.0,0.0,0.0,0.0,0.0,0.0,0.0,0.0,1.0,86.0,10.75,0.0,2.0,,,2.0,0.5
C Ganapathy,0.0,0.0,0.0,0.0,0.0,0.0,0.0,0.0,0.0,0.0,0.0,0.0,0.0,0.0,13.0,13.0,0.0,1.0,,,1.0,0.0
TP Sudhindra,0.0,0.0,0.0,0.0,0.0,0.0,0.0,0.0,0.0,0.0,0.0,0.0,0.0,1.0,137.0,11.108108108108109,0.0,3.0,,,3.0,0.3333333333333333
B Geeves,0.0,0.0,0.0,0.0,0.0,0.0,0.0,0.0,0.0,0.0,0.0,0.0,0.0,1.0,91.0,11.142857142857142,0.0,2.0,,,2.0,0.5
S Kaushik,0.0,0.0,1.0,0.0,0.0,0.0,1.0,0.0,0.0,0.0,0.0,0.0,0.0,6.0,304.0,8.685714285714285,0.0,10.0,0.0,0.0,10.0,0.6
RW Price,0.0,0.0,0.0,0.0,0.0,0.0,0.0,0.0,0.0,0.0,0.0,0.0,0.0,0.0,33.0,11.0,0.0,1.0,,,1.0,0.0
Mohammed Siraj,0.0,0.0,0.0,0.0,0.0,0.0,0.0,0.0,0.0,0.0,0.0,0.0,0.0,10.0,214.0,9.106382978723405,0.0,6.0,,,6.0,1.6666666666666667
Mustafizur Rahman,0.0,0.0,0.0,0.0,0.0,0.0,0.0,0.0,0.0,0.0,0.0,0.0,0.0,17.0,461.0,7.038167938931298,0.0,17.0,,,17.0,1.0
NB Singh,0.0,0.0,0.0,0.0,0.0,0.0,0.0,0.0,0.0,0.0,0.0,0.0,0.0,1.0,18.0,4.32,0.0,2.0,,,2.0,0.5
AM Salvi,0.0,0.0,0.0,0.0,0.0,0.0,0.0,0.0,0.0,0.0,0.0,0.0,0.0,7.0,205.0,7.884615384615385,0.0,7.0,,,7.0,1.0
ND Doshi,0.0,0.0,1.0,0.0,0.0,0.0,1.0,0.0,0.0,0.0,0.0,0.0,0.0,2.0,79.0,8.31578947368421,0.0,4.0,0.0,0.0,4.0,0.5
Avesh Khan,0.0,0.0,0.0,0.0,0.0,0.0,0.0,0.0,0.0,0.0,0.0,0.0,0.0,1.0,24.0,6.0,0.0,1.0,,,1.0,1.0
P Amarnath,0.0,0.0,0.0,0.0,0.0,0.0,0.0,0.0,0.0,0.0,0.0,0.0,0.0,7.0,241.0,10.954545454545453,0.0,6.0,,,6.0,1.1666666666666667
RR Bose,0.0,0.0,0.0,0.0,0.0,0.0,0.0,0.0,0.0,0.0,0.0,0.0,0.0,0.0,24.0,12.0,0.0,1.0,,,1.0,0.0
RR Bhatkal,0.0,0.0,1.0,0.0,0.0,0.0,1.0,0.0,0.0,0.0,0.0,0.0,0.0,0.0,35.0,17.5,0.0,1.0,0.0,0.0,1.0,0.0
P Prasanth,0.0,0.0,0.0,0.0,0.0,0.0,0.0,0.0,0.0,0.0,0.0,0.0,0.0,0.0,18.0,18.0,0.0,1.0,,,1.0,0.0
P Suyal,0.0,0.0,0.0,0.0,0.0,0.0,0.0,0.0,0.0,0.0,0.0,0.0,0.0,2.0,154.0,8.635514018691588,0.0,5.0,,,5.0,0.4
Abdur Razzak,0.0,0.0,1.0,0.0,0.0,0.0,0.0,0.0,0.0,0.0,0.0,0.0,0.0,0.0,29.0,12.42857142857143,0.0,1.0,0.0,0.0,1.0,0.0
RA Shaikh,0.0,0.0,0.0,0.0,0.0,0.0,0.0,0.0,0.0,0.0,0.0,0.0,0.0,0.0,11.0,11.0,0.0,1.0,,,1.0,0.0
S Ladda,0.0,0.0,2.0,0.0,0.0,0.0,1.0,0.0,0.0,0.0,0.0,0.0,0.0,5.0,225.0,9.574468085106382,0.0,9.0,0.0,0.0,9.0,0.5555555555555556
B Stanlake,0.0,0.0,0.0,0.0,0.0,0.0,0.0,0.0,0.0,0.0,0.0,0.0,0.0,2.0,70.0,8.399999999999999,0.0,2.0,,,2.0,1.0
T Shamsi,0.0,0.0,0.0,0.0,0.0,0.0,0.0,0.0,0.0,0.0,0.0,0.0,0.0,3.0,151.0,9.4375,0.0,4.0,,,4.0,0.75
MJ Henry,0.0,0.0,0.0,0.0,0.0,0.0,0.0,0.0,0.0,0.0,0.0,0.0,0.0,1.0,71.0,13.741935483870968,0.0,2.0,,,2.0,0.5
T Natarajan,0.0,0.0,0.0,0.0,0.0,0.0,0.0,0.0,0.0,0.0,0.0,0.0,0.0,2.0,116.0,8.487804878048781,0.0,6.0,,,6.0,0.3333333333333333
Sunny Gupta,0.0,0.0,1.0,0.0,0.0,0.0,1.0,0.0,0.0,0.0,0.0,0.0,0.0,0.0,47.0,14.842105263157896,0.0,1.0,0.0,0.0,1.0,0.0
JW Hastings,0.0,0.0,0.0,0.0,0.0,0.0,0.0,0.0,0.0,0.0,0.0,0.0,0.0,3.0,66.0,6.491803278688526,0.0,3.0,,,3.0,1.0
K Santokie,0.0,0.0,0.0,0.0,0.0,0.0,0.0,0.0,0.0,0.0,0.0,0.0,0.0,3.0,91.0,10.705882352941178,0.0,2.0,,,2.0,1.5
AA Kazi,0.0,0.0,0.0,0.0,0.0,0.0,0.0,0.0,0.0,0.0,0.0,0.0,0.0,0.0,21.0,9.692307692307693,0.0,1.0,,,1.0,0.0
SS Sarkar,0.0,0.0,0.0,0.0,0.0,0.0,0.0,0.0,0.0,0.0,0.0,0.0,0.0,1.0,34.0,8.16,0.0,2.0,,,2.0,0.5
SS Mundhe,0.0,0.0,0.0,0.0,0.0,0.0,0.0,0.0,0.0,0.0,0.0,0.0,0.0,1.0,6.0,5.142857142857142,0.0,1.0,,,1.0,1.0
SS Agarwal,0.0,0.0,0.0,0.0,0.0,0.0,0.0,0.0,0.0,0.0,0.0,0.0,0.0,1.0,42.0,10.5,0.0,1.0,,,1.0,1.0
C Nanda,0.0,0.0,1.0,0.0,0.0,0.0,1.0,0.0,0.0,0.0,0.0,0.0,0.0,2.0,58.0,6.959999999999999,0.0,3.0,0.0,0.0,3.0,0.6666666666666666
BW Hilfenhaus,0.0,0.0,0.0,0.0,0.0,0.0,0.0,0.0,0.0,0.0,0.0,0.0,0.0,22.0,497.0,7.646153846153846,0.0,17.0,,,17.0,1.2941176470588236
SM Boland,0.0,0.0,0.0,0.0,0.0,0.0,0.0,0.0,0.0,0.0,0.0,0.0,0.0,2.0,56.0,7.813953488372094,0.0,2.0,,,2.0,1.0
L Ablish,0.0,0.0,1.0,0.0,0.0,0.0,0.0,0.0,0.0,0.0,0.0,0.0,0.0,3.0,76.0,10.133333333333333,0.0,3.0,0.0,0.0,3.0,1.0
M Ashwin,0.0,0.0,1.0,0.0,0.0,0.0,1.0,0.0,0.0,0.0,0.0,0.0,0.0,7.0,245.0,8.352272727272727,0.0,10.0,0.0,0.0,10.0,0.7
MB Parmar,0.0,0.0,0.0,0.0,0.0,0.0,0.0,0.0,0.0,0.0,0.0,0.0,0.0,0.0,33.0,10.421052631578949,0.0,1.0,,,1.0,0.0
MG Neser,0.0,0.0,0.0,0.0,0.0,0.0,0.0,0.0,0.0,0.0,0.0,0.0,0.0,0.0,62.0,14.879999999999999,0.0,1.0,,,1.0,0.0
Anand Rajan,0.0,0.0,0.0,0.0,0.0,0.0,0.0,0.0,0.0,0.0,0.0,0.0,0.0,8.0,206.0,7.62962962962963,0.0,8.0,,,8.0,1.0
