,Player,avg_score_utility,strike_rate_utility,sixes_utility,fours_score_utility,wickets_utility,total_wickets_utility,economy_utility,batting_utility,bowling_utility,player_type
0,SK Raina,0.0,0.0,0.0,0.0,0.0,0.0,0.0,0.0,-389.0,Bowler
1,V Kohli,9.013297872340424,2.3294218660560957,0.06737588652482285,0.5744680851063829,0.02836879432624113,0.07741935483870968,3.0593181818181816,11.984563710027727,-384.2523405035253,Batsman
2,RG Sharma,7.561274509803921,2.424862553451436,0.065359477124183,0.4379084967320261,0.09803921568627452,0.2903225806451613,3.17578947368421,10.489405037111565,-383.65377309497654,Batsman
3,G Gambhir,7.863013698630136,2.018060005825807,0.0,0.771689497716895,0.0,0.0,0.0,10.652763202172839,-388.0,Batsman
4,DA Warner,10.453947368421053,2.9159200551343902,0.20175438596491224,0.8391812865497076,0.0,0.0,0.0,14.410803096070065,-387.0,Batsman
5,RV Uthappa,7.1573426573426575,2.3817567567567557,0.0,0.5454545454545453,0.0,0.0,0.0,10.084553959553958,-386.0,Batsman
6,CH Gayle,10.94125,3.209715639810426,0.8300000000000001,0.6566666666666667,0.18,0.34838709677419355,3.197875647668394,15.637632306477093,-380.41060588333613,Batsman
7,S Dhawan,7.8482142857142865,1.925124792013311,0.0,0.7275132275132274,0.031746031746031744,0.07741935483870968,2.978571428571428,10.500852305240825,-380.36839477726573,Batsman
8,MS Dhoni,6.585664335664335,2.64179104477612,0.045454545454545414,0.2517482517482517,0.0,0.0,0.0,9.524658177643252,-384.0,Batsman
9,AB de Villiers,8.328389830508474,3.2564529558701083,0.1694915254237288,0.47740112994350287,0.0,0.0,0.0,12.231735441745814,-383.0,Batsman
10,AM Rahane,8.167857142857144,1.874327440430438,0.0,0.6825396825396824,0.009523809523809523,0.01935483870967742,3.7799999999999994,10.724724265827264,-376.28668202764976,Batsman
11,YK Pathan,5.488721804511279,3.037572254335261,0.06015037593984962,0.26817042606516295,0.3082706766917293,0.7935483870967742,3.2944425385934815,8.854614860851553,-375.405607596427,AllRounder
12,KD Karthik,5.374067164179104,2.150423728813558,0.0,0.37810945273631846,0.0,0.0,0.0,7.902600345728981,-381.0,Batsman
13,BB McCullum,7.2803398058252435,2.315910132966529,0.10194174757281538,0.5631067961165049,0.0,0.0,0.0,10.261298482481093,-380.0,Batsman
14,V Sehwag,7.086538461538462,3.441352973267867,0.009615384615384581,0.7371794871794872,0.0576923076923077,0.11612903225806452,2.6752173913043475,11.2746863066012,-374.7264419031179,Batsman
15,SR Watson,7.3061224489795915,2.7419189327860436,0.12244897959183676,0.5442176870748301,0.8775510204081632,1.664516129032258,3.2301019887812337,10.714708048432303,-370.3417462926675,AllRounder
16,Yuvraj Singh,5.626077586206895,2.319512195121951,0.10775862068965525,0.2557471264367816,0.3103448275862069,0.6967741935483871,3.2814614499424626,8.309095528455284,-372.5671292933844,AllRounder
17,M Vijay,6.761363636363637,2.001434034416826,0.0,0.4646464646464647,0.0,0.0,3.1613513513513514,9.227444135426929,-373.257972972973,Batsman
18,SE Marsh,10.77717391304348,2.505488761108205,0.06521739130434778,0.966183574879227,0.0,0.0,0.0,14.314063640335261,-377.0,Batsman
19,JH Kallis,6.830263157894736,1.296813618507202,0.0,0.5614035087719298,0.6842105263157895,1.2580645161290323,3.185486381322957,8.688480285173867,-369.3083578643483,AllRounder
20,AT Rayudu,5.878571428571427,2.1507128309572296,0.0,0.31746031746031744,0.0,0.0,0.0,8.346744576988975,-376.0,Batsman
21,DR Smith,7.413352272727274,2.613976705490849,0.1647727272727273,0.5946969696969697,0.2954545454545455,0.503225806451613,2.9637522441651702,10.786798675187818,-370.356351105893,Batsman
22,KA Pollard,5.131696428571429,3.031063321385902,0.1607142857142857,0.13690476190476195,0.5,1.0838709677419356,3.067382445141065,8.46037879757638,-369.0231198806755,AllRounder
23,SR Tendulkar,8.471153846153847,1.7093933463796476,0.0,0.9316239316239314,0.0,0.0,2.8208108108108108,11.112171124157426,-370.76878378378376,Batsman
24,PA Patel,4.756465517241378,1.6359223300970882,0.0,0.5201149425287358,0.0,0.0,0.0,6.912502789867202,-374.0,Batsman
25,MK Pandey,6.0249999999999995,1.8469226722777492,0.0,0.3578947368421053,0.0,0.0,0.0,8.229817409119853,-373.0,Batsman
26,R Dravid,7.192073170731708,1.6673618352450474,0.0,0.7601626016260162,0.0,0.0,0.0,9.61959760760277,-372.0,Batsman
27,AC Gilchrist,6.948437500000001,2.652733118971061,0.07499999999999996,0.6625,0.0125,0.01935483870967742,0.0,10.33867061897106,-370.9522177419355,Batsman
28,JP Duminy,7.488013698630136,2.0985312117503065,0.03424657534246578,0.22831050228310504,0.3150684931506849,0.44516129032258067,3.333865300146413,9.849101988006014,-364.85885737457045,AllRounder
29,MEK Hussey,10.032327586206893,1.998179611650486,0.0,0.8045977011494255,0.0,0.0,0.0,12.835104899006804,-370.0,Batsman
30,DPMD Jayawardene,5.942307692307693,1.939553219448095,0.0,0.5213675213675214,0.0,0.0,0.0,8.40322843312331,-369.0,Batsman
31,RA Jadeja,3.2638888888888893,1.939643347050754,0.0,0.05246913580246915,0.7321428571428571,1.5870967741935484,3.198807339449541,5.256001371742112,-360.72292954382107,Bowler
32,SPD Smith,7.610887096774195,2.4253563390847717,0.0,0.47849462365591383,0.0,0.0,1.68,10.514738059514881,-365.48,Batsman
33,KC Sangakkara,6.553308823529412,1.9234550561797754,0.0,0.622549019607843,0.0,0.0,0.0,9.099312899317031,-367.0,Batsman
34,MK Tiwary,5.072784810126583,1.7063711911357344,0.0,0.3080168776371308,0.012658227848101266,0.01935483870967742,2.4094736842105258,7.087172878899448,-362.33776987384755,Batsman
35,AJ Finch,6.6484375,2.31496062992126,0.0,0.5520833333333334,0.015625,0.01935483870967742,2.911363636363636,9.515481463254593,-360.58048478739,Batsman
36,DA Miller,6.408203125,2.8854625550660797,0.109375,0.20833333333333334,0.0,0.0,0.0,9.611374013399415,-364.0,Batsman
37,WP Saha,4.7355769230769225,2.3863822805578345,0.0,0.22222222222222224,0.0,0.0,0.0,7.34418142585698,-363.0,Batsman
38,NV Ojha,3.5120967741935485,1.7264011799410028,0.0,0.10035842293906816,0.0,0.0,0.0,5.33885637707362,-362.0,Batsman
39,S Badrinath,5.56346153846154,1.7871485943775098,0.0,0.4564102564102564,0.0,0.0,0.0,7.807020389249306,-361.0,Batsman
40,SV Samson,5.875,2.120171673819742,0.0,0.2688172043010752,0.0,0.0,0.0,8.263988878120818,-360.0,Batsman
41,BJ Hodge,5.583333333333332,2.0711188204683433,0.0,0.3121693121693121,0.2698412698412698,0.32903225806451614,3.1888235294117644,7.966621465970988,-353.3184544140237,Batsman
42,SC Ganguly,6.283482142857143,1.0867269984917036,0.0,0.4821428571428574,0.17857142857142858,0.19354838709677422,3.1649999999999996,7.852351998491704,-352.6943202764977,Batsman
43,DJ Hussey,5.3770491803278695,2.003633060853768,0.0,0.15846994535519135,0.13114754098360654,0.15483870967741936,2.938049535603715,7.539152186536829,-353.1639463206029,Batsman
44,F du Plessis,7.8070652173913055,2.2080536912751683,0.0,0.463768115942029,0.0,0.0,1.47,10.478887024608502,-354.795,Batsman
45,SS Tiwary,4.7265625,1.742574257425742,0.0,0.15104166666666666,0.0,0.0,0.0,6.620178424092409,-356.0,Batsman
46,DJ Bravo,3.0925925925925934,2.114341085271318,0.0,0.08641975308641976,1.1844660194174756,2.361290322580645,3.1490047393364926,5.293353430950332,-345.9578583779981,Bowler
47,GJ Maxwell,5.629545454545454,3.878205128205127,0.24545454545454548,0.24848484848484845,0.2,0.21290322580645163,3.0079041916167664,10.001689976689976,-350.8687888738652,Batsman
48,KK Nair,5.9350000000000005,2.2325080731969864,0.0,0.5666666666666668,0.0,0.0,0.0,8.734174739863654,-355.0,Batsman
49,TM Dilshan,5.8975,1.506208213944604,0.0,0.6,0.1,0.09677419354838711,3.1438909090909086,8.003708213944604,-349.98900234604105,Batsman
50,IK Pathan,2.5091463414634143,1.8375634517766506,0.0,0.024390243902439046,0.7920792079207921,1.5483870967741937,3.2134074775201134,4.3711000371425035,-346.6691893266774,Bowler
51,Mandeep Singh,4.439655172413794,1.9275053304904048,0.0,0.43678160919540243,0.0,0.0,0.0,6.803942112099601,-354.0,Batsman
52,ML Hayden,10.22265625,2.5971394517282476,0.1875,0.9270833333333334,0.0,0.0,0.0,13.934379035061582,-353.0,Batsman
53,LMP Simmons,11.202586206896552,2.144646924829157,0.2586206896551724,0.9195402298850576,0.03448275862068965,0.01935483870967742,2.4499999999999997,14.52539405126594,-348.24424360400445,Batsman
54,LRPL Taylor,4.312499999999998,2.003541912632822,0.0,0.07407407407407411,0.0,0.0,2.5038461538461534,6.390115986706895,-347.24423076923074,Batsman
55,KP Pietersen,7.677083333333334,2.602902374670184,0.05555555555555558,0.5092592592592592,0.19444444444444445,0.13548387096774195,3.304,10.844800522818334,-344.5491075268817,Batsman
56,Y Venugopal Rao,4.353365384615383,1.6936416184971101,0.0,0.16025641025641027,0.1153846153846154,0.11612903225806452,2.911621621621621,6.207263413368904,-344.28529709610353,Batsman
57,JA Morkel,2.7070895522388057,2.846910112359551,0.0,0.0,0.9770114942528736,1.6451612903225807,3.150232429441062,5.553999664598356,-340.34139217897524,Bowler
58,A Symonds,7.395833333333334,2.2355953905249684,0.06944444444444442,0.3518518518518519,0.5555555555555556,0.38709677419354843,3.210666666666666,10.052725020154599,-342.77002150537635,AllRounder
59,CL White,5.341666666666669,2.2726098191214477,0.0,0.22962962962962963,0.022222222222222227,0.01935483870967742,2.4743478260869565,7.843906115417745,-344.2261126694717,Batsman
60,MC Henriques,4.5175,2.3003901170351106,0.0,0.24666666666666667,0.6909090909090909,0.7354838709677419,3.107450980392157,7.064556783701778,-341.1992340865965,AllRounder
61,M Vohra,6.003048780487806,2.38,0.0,0.4390243902439022,0.0,0.0,0.0,8.822073170731707,-347.0,Batsman
62,KM Jadhav,3.124999999999999,2.5277777777777772,0.0,0.08771929824561402,0.0,0.0,0.0,5.740497076023391,-346.0,Batsman
63,HH Gibbs,6.479166666666667,1.2927120669056151,0.0,0.4351851851851853,0.0,0.0,0.0,8.207063918757468,-345.0,Batsman
64,EJG Morgan,4.366666666666665,1.8896551724137935,0.0,0.20000000000000004,0.0,0.0,0.0,6.456321839080459,-344.0,Batsman
65,MA Agarwal,3.6093749999999996,1.8815028901734103,0.0,0.23611111111111108,0.0,0.0,0.0,5.726989001284521,-343.0,Batsman
66,SS Iyer,6.70703125,2.160305343511451,0.0,0.4895833333333333,0.0,0.0,0.0,9.356919926844785,-342.0,Batsman
67,Harbhajan Singh,1.0,2.759729272419628,0.0,0.0,0.9477611940298508,2.458064516129032,3.374402810304449,3.759729272419628,-331.829657219305,Bowler
68,MS Bisla,4.9230769230769225,1.4138398914518304,0.0,0.4615384615384615,0.0,0.0,0.0,6.798455276067214,-341.0,Batsman
69,ST Jayasuriya,6.8500000000000005,2.701570680628272,0.15000000000000002,0.6,0.43333333333333335,0.2516129032258065,3.1723255813953486,10.301570680628274,-335.2140922730683,Batsman
70,STR Binny,2.379464285714285,2.187399030694671,0.0,0.017857142857142867,0.3684210526315789,0.40645161290322585,3.269783393501805,4.584720459266099,-334.93301591144507,Bowler
71,GC Smith,6.806034482758619,1.3473227206946448,0.0,0.7471264367816092,0.0,0.0,0.0,8.900483640234874,-340.0,Batsman
72,Q de Kock,7.721153846153848,2.4134275618374574,0.0,0.8205128205128206,0.0,0.0,0.0,10.955094228504127,-339.0,Batsman
73,KL Rahul,6.312500000000002,2.1233108108108096,0.0,0.3444444444444444,0.0,0.0,0.0,8.780255255255256,-338.0,Batsman
74,AD Mathews,3.8719512195121957,2.043405676126878,0.0,0.024390243902439046,0.6136363636363636,0.5225806451612903,3.120334572490706,5.939747139541512,-331.61517262806746,Bowler
75,TL Suman,3.7499999999999996,1.7580919931856898,0.0,0.1367521367521368,0.15384615384615385,0.11612903225806452,3.1886842105263153,5.644844129937827,-331.8120109050542,Batsman
76,AM Nayar,2.29,1.714285714285714,0.0,0.03333333333333336,0.18,0.17419354838709677,3.127154811715481,4.037619047619048,-330.77797745984617,Bowler
77,GJ Bailey,4.15625,2.0054347826086953,0.0,0.21296296296296294,0.0,0.0,0.0,6.374647745571658,-335.0,Batsman
78,SA Yadav,2.678571428571428,2.346555323590814,0.0,0.09523809523809527,0.0,0.0,3.15,5.120364847400337,-329.275,Batsman
79,AR Patel,2.660714285714285,2.133603238866396,0.0,0.0,0.9830508474576272,1.1225806451612903,3.2707499999999996,4.794317524580681,-325.93542776107165,Bowler
80,JD Ryder,5.060344827586207,2.4806866952789703,0.0,0.4597701149425288,0.27586206896551724,0.15483870967741936,3.188340248962655,8.000801637807706,-327.5714384585916,Batsman
81,HM Amla,10.7734375,2.901913875598086,0.15625,0.9166666666666666,0.0,0.0,0.0,14.748268042264753,-332.0,Batsman
82,AD Russell,5.86,4.2,0.24,0.30666666666666664,0.9117647058823528,0.6,3.05516129032258,10.606666666666667,-325.1496110056926,AllRounder
83,RR Pant,6.0625,3.4015748031496074,0.125,0.3194444444444444,0.0,0.0,0.0,9.908519247594052,-331.0,Batsman
84,RS Bopara,6.301136363636365,1.6730769230769211,0.0,0.25757575757575757,0.5,0.21290322580645163,3.0494366197183096,8.231789044289044,-324.3564902317129,Batsman
85,JC Buttler,5.5,3.039999999999998,0.04166666666666663,0.361111111111111,0.0,0.0,0.0,8.942777777777774,-329.0,Batsman
86,JP Faulkner,1.6416666666666657,2.4901477832512326,0.0,0.0,1.0166666666666666,1.1806451612903226,3.0197902097902096,4.131814449917899,-321.1743469433792,Bowler
87,CJ Anderson,4.7644230769230775,2.2922705314009653,0.07692307692307676,0.17948717948717943,0.3076923076923077,0.15483870967741936,2.8451351351351355,7.313103864734299,-323.0385007712427,Batsman
88,PP Chawla,1.0,1.5139186295503215,0.0,0.0,0.984375,2.438709677419355,3.219784117193523,2.5139186295503215,-318.0356968080807,Bowler
89,M Manhas,2.3223684210526327,1.2880658436213992,0.0,0.04385964912280701,0.0,0.0,3.5699999999999994,3.6542939137968387,-321.645,Bowler
90,OA Shah,5.875,2.246913580246914,0.022727272727272707,0.1818181818181818,0.0,0.0,0.0,8.32645903479237,-326.0,Batsman
91,PC Valthaty,5.483695652173913,1.844907407407407,0.0,0.5507246376811593,0.3043478260869565,0.13548387096774195,3.1252941176470586,7.87932769726248,-319.6523112779474,Batsman
92,Shakib Al Hasan,3.109375,2.234413965087282,0.0,0.125,1.0238095238095235,0.832258064516129,3.3358289334741285,5.468788965087282,-317.21215521730034,Bowler
93,KH Pandya,6.723684210526315,3.6677316293929705,0.02631578947368418,0.47368421052631593,0.6666666666666666,0.3096774193548387,3.346636363636363,10.891415839919286,-318.51552932551317,AllRounder
94,CH Morris,3.129464285714285,3.9818181818181815,0.0,0.059523809523809534,1.125,1.0451612903225806,3.249558541266794,7.170806277056276,-316.87042025261593,AllRounder
95,N Rana,8.174999999999999,2.154929577464788,0.33333333333333337,0.3555555555555556,0.0,0.0,4.199999999999999,11.018818466353677,-317.7,AllRounder
96,NLTC Perera,2.55,2.5030674846625773,0.0,0.0,0.8611111111111112,0.6,3.013132867132866,5.053067484662577,-317.28863403263404,Bowler
97,SA Asnodkar,5.598684210526315,2.008522727272728,0.0,0.6491228070175438,0.0,0.0,0.0,8.256329744816588,-323.0,Batsman
98,DT Christian,2.330645161290323,1.982905982905983,0.0,0.0,0.8333333333333334,0.5806451612903226,3.2174698795180725,4.313551144196306,-316.0528274387874,Bowler
99,JR Hopes,5.480263157894735,2.6401273885350323,0.0,0.5263157894736842,0.7,0.2709677419354839,2.9109756097560964,8.646706335903453,-316.17708497246264,Batsman
100,KS Williamson,7.5249999999999995,2.323076923076924,0.0,0.44444444444444436,0.0,0.0,3.36,10.292521367521369,-315.96000000000004,Batsman
101,J Botha,2.7276785714285716,1.6181318681318686,0.0,0.13095238095238093,0.7352941176470589,0.4838709677419355,3.376290550070521,4.476762820512821,-314.1068165468107,Bowler
102,HH Pandya,1.8636363636363642,2.633986928104575,0.0,0.0,0.30303030303030304,0.19354838709677422,2.9752799999999997,4.49762329174094,-315.7922119648094,Bowler
103,LR Shukla,1.8522727272727275,1.6564245810055858,0.0,0.0,0.4545454545454545,0.2903225806451613,3.0598159509202447,3.5086973082783133,-315.2929740208337,Bowler
104,AL Menaria,3.7880434782608696,1.4632152588555862,0.0,0.014492753623188396,0.13043478260869565,0.05806451612903226,3.2243362831858406,5.265751490739644,-314.88074662711466,Batsman
105,MV Boucher,3.6739130434782608,2.194968553459119,0.0,0.13043478260869565,0.0,0.0,0.0,5.999316379546075,-319.0,Batsman
106,RA Tripathi,7.7232142857142865,3.1090909090909093,0.1071428571428571,0.6904761904761907,0.0,0.0,2.3099999999999996,11.629924242424245,-314.53499999999997,Batsman
107,CA Pujara,3.8977272727272725,1.0,0.0,0.4242424242424243,0.0,0.0,0.0,5.321969696969697,-317.0,Batsman
108,Azhar Mahmood,4.178571428571429,2.237942122186496,0.0,0.2857142857142856,1.2608695652173914,0.5612903225806452,3.216195652173913,6.70222783647221,-309.44246669004207,AllRounder
109,CA Lynn,9.25,3.384615384615384,0.45833333333333337,0.5277777777777777,0.0,0.0,0.0,13.620726495726494,-316.0,Batsman
110,DB Ravi Teja,2.875,1.7692307692307678,0.0,0.1333333333333333,0.04,0.01935483870967742,2.8699999999999997,4.777564102564101,-310.6059677419355,Batsman
111,DJ Hooda,1.9125000000000008,2.7328519855595688,0.0,0.0,0.2,0.11612903225806452,3.1374626865671633,4.64535198555957,-308.81961242176214,Bowler
112,S Sohal,4.1499999999999995,1.9163987138263656,0.0,0.2333333333333333,0.0,0.0,0.0,6.299732047159698,-313.0,Batsman
113,P Negi,1.8146551724137925,2.214788732394365,0.0,0.0,0.8333333333333334,0.5806451612903226,3.2485915492957744,4.029443904808158,-306.00614493412087,Bowler
114,R Bhatia,1.0,1.8965517241379302,0.0,0.0,0.7802197802197802,1.3741935483870968,3.2680854906682724,2.89655172413793,-304.86625177108726,Bowler
115,Gurkeerat Singh,2.59375,2.1071428571428577,0.0,0.16666666666666666,0.20833333333333331,0.09677419354838711,3.339512195121951,4.867559523809525,-306.5330704169945,Bowler
116,P Kumar,1.0,1.2631578947368425,0.0,0.0,0.7563025210084033,1.7419354838709677,3.2331399317406135,2.2631578947368425,-303.40293309507,Bowler
117,A Mishra,1.0,1.0,0.0,0.0,1.0634920634920637,2.5935483870967744,3.2893784683684792,2.0,-301.58037162156404,Bowler
118,AP Tare,1.9583333333333333,1.9473684210526323,0.0,0.1604938271604938,0.0,0.0,0.0,4.066195581546459,-311.0,Batsman
119,JEC Franklin,4.9140625,1.2912621359223302,0.0,0.1875,0.5625,0.17419354838709677,3.000967741935483,6.39282463592233,-304.39350806451614,Batsman
120,RN ten Doeschate,3.071428571428572,2.848739495798321,0.0,0.0793650793650793,0.09523809523809523,0.03870967741935484,3.40301204819277,5.999533146591972,-303.6945602687247,Batsman
121,Ishan Kishan,5.225,2.254901960784314,0.0,0.4222222222222222,0.0,0.0,0.0,7.902124183006537,-308.0,Batsman
122,KV Sharma,1.0,1.5614035087719293,0.0,0.0,0.8909090909090909,0.9483870967741936,3.1953728489483746,2.5614035087719293,-300.4479964450525,Bowler
123,BA Stokes,8.022727272727273,2.9603524229074893,0.18181818181818177,0.3333333333333333,1.0,0.23225806451612904,3.326277372262773,11.498231210786278,-300.16219684483167,AllRounder
124,R Vinay Kumar,1.0,1.3333333333333344,0.0,0.0,1.0098039215686274,1.9935483870967743,3.094803331790837,2.3333333333333344,-297.85276653931567,Bowler
125,DB Das,2.4318181818181817,1.6928838951310865,0.0,0.015151515151515138,0.0,0.0,0.0,4.139853592100783,-306.0,Batsman
126,LA Pomersbach,4.328125,2.0159362549800797,0.0,0.1875,0.0,0.0,0.0,6.53156125498008,-305.0,Batsman
127,UBT Chand,2.875,1.0,0.0,0.20000000000000004,0.0,0.0,0.0,4.075,-304.0,Batsman
128,DJG Sammy,2.78125,1.8764940239043824,0.0,0.0,0.55,0.21290322580645163,3.001967213114754,4.657744023904383,-297.3526943416182,Bowler
129,Y Nagar,2.59375,1.2583025830258294,0.0,0.0,0.2,0.07741935483870968,2.6424999999999996,3.8520525830258294,-297.62012096774197,Bowler
130,VVS Laxman,2.5374999999999996,1.202952029520295,0.0,0.21666666666666665,0.0,0.0,0.0,3.9571186961869613,-301.0,Batsman
131,GH Vihari,2.250000000000001,1.0,0.0,0.03174603174603171,0.047619047619047616,0.01935483870967742,3.501891891891892,3.2817460317460325,-294.64670133266907,Bowler
132,A Ashish Reddy,1.8152173913043481,3.1428571428571432,0.0,0.0,0.7826086956521741,0.34838709677419355,2.9633333333333325,4.958074534161492,-292.85850631136043,Bowler
133,B Chipli,2.250000000000001,1.46875,0.0,0.11111111111111109,0.0,0.0,0.6299999999999999,3.829861111111112,-297.055,Batsman
134,MJ Lumb,5.937500000000002,3.0202020202020208,0.0,0.9166666666666666,0.0,0.0,0.0,9.874368686868689,-297.0,Batsman
135,SP Narine,1.0,3.0207253886010363,0.0,0.06666666666666665,1.1728395061728396,1.838709677419355,3.486901840490797,4.087392055267703,-287.25232346387554,Bowler
136,R Sathish,1.46875,1.7203389830508478,0.0,0.0,0.125,0.05806451612903226,2.79125,3.1890889830508478,-291.53852822580643,Bowler
137,M Kaif,1.6647727272727275,1.0193798449612401,0.0,0.0,0.0,0.0,0.0,2.684152572233968,-295.0,Batsman
138,SM Katich,5.465909090909092,2.3089005235602102,0.0,0.45454545454545475,0.0,0.0,0.0,8.229355069014757,-294.0,Batsman
139,SP Goswami,2.8984375,1.0,0.0,0.20833333333333334,0.0,0.0,0.0,4.106770833333333,-293.0,Batsman
140,MD Mishra,2.477941176470588,1.563380281690143,0.0,0.13725490196078427,0.0,0.0,0.0,4.1785763601215145,-292.0,Batsman
141,R Ashwin,1.0,1.0,0.0,0.0,0.925925925925926,1.935483870967742,3.4669139465875363,2.0,-282.5075143847782,Bowler
142,SW Billings,5.7250000000000005,2.5317919075144504,0.0,0.4333333333333333,0.0,0.0,0.0,8.690125240847784,-291.0,Batsman
143,MR Marsh,3.276785714285715,1.5970149253731343,0.0,0.0,1.1111111111111112,0.38709677419354843,3.2116513761467886,4.87380063965885,-282.93521110782285,Bowler
144,K Goel,2.359375,1.0,0.0,0.020833333333333332,0.0,0.0,3.0622388059701486,3.3802083333333335,-284.40664179104476,Bowler
145,AA Jhunjhunwala,2.675,1.0,0.0,0.08888888888888886,0.06666666666666668,0.01935483870967742,2.9686363636363637,3.763888888888889,-283.41801319648096,Bowler
146,TM Head,4.9375,2.7880794701986757,0.0,0.06666666666666665,0.2,0.03870967741935484,2.70375,7.792246136865343,-282.586310483871,Batsman
147,PD Collingwood,8.125,2.383647798742138,0.4285714285714284,0.09523809523809527,0.7142857142857143,0.09677419354838711,3.416,11.032457322551663,-279.65941013824886,AllRounder
148,SK Warne,1.0,1.0,0.0,0.0,1.0555555555555556,1.103225806451613,3.320678659035159,2.0,-277.78080996843653,Bowler
149,SP Fleming,4.6000000000000005,1.7309941520467824,0.0,0.5666666666666668,0.0,0.0,0.0,6.897660818713449,-285.0,Batsman
150,AS Raut,1.796875,1.6395348837209298,0.0,0.0,0.0,0.0,2.94,3.4364098837209296,-279.59000000000003,Bowler
151,Salman Butt,7.5892857142857135,1.6104651162790702,0.0,1.0952380952380951,0.0,0.0,0.0,10.294988925802878,-283.0,Batsman
152,BJ Rohrer,6.296875,2.60958904109589,0.0,0.5416666666666666,0.0,0.0,2.6700000000000004,9.448130707762557,-277.995,Batsman
153,YV Takawale,4.449999999999999,1.2459016393442623,0.0,0.5333333333333333,0.0,0.0,0.0,6.229234972677595,-281.0,Batsman
154,MJ Guptill,4.3374999999999995,2.608391608391608,0.0,0.3333333333333333,0.0,0.0,0.0,7.27922494172494,-280.0,Batsman
155,Bipul Sharma,1.375,3.540322580645163,0.0,0.0,0.6071428571428571,0.32903225806451614,3.150963302752294,4.915322580645163,-273.8692923730605,Bowler
156,FY Fazal,3.4886363636363638,1.1117318435754178,0.0,0.3333333333333333,0.0,0.0,2.73,4.933701540545115,-274.905,Batsman
157,AC Voges,6.94642857142857,2.328671328671329,0.0,0.38095238095238093,0.0,0.0,3.12,9.65605228105228,-273.32,Batsman
158,AB Agarkar,1.0,1.59375,0.0,0.0,0.6904761904761905,0.5612903225806452,3.026048780487805,2.59375,-271.58327705968304,Bowler
159,SN Khan,3.2840909090909087,4.592233009708738,0.0,0.24242424242424243,0.0,0.0,0.0,8.11874816122389,-277.0,Batsman
160,MF Maharoof,1.9910714285714284,3.137096774193549,0.0,0.0,1.35,0.5225806451612903,3.31,5.128168202764977,-268.2261290322581,Bowler
161,DH Yagnik,1.0,1.9859154929577465,0.0,0.11764705882352944,0.0,0.0,0.0,3.103562551781276,-275.0,Batsman
162,CM Gautam,2.125,1.3481012658227853,0.0,0.10256410256410257,0.0,0.0,0.0,3.575665368386888,-274.0,Batsman
163,MN van Wyk,9.775,2.1851851851851856,0.0,0.9333333333333332,0.0,0.0,0.0,12.893518518518519,-273.0,Batsman
164,DW Steyn,1.0,1.15527950310559,0.0,0.0,1.022222222222222,1.7806451612903227,3.4439416396479845,2.1552795031055902,-263.6297864652592,Bowler
165,PA Reddy,3.3999999999999995,1.0,0.0,0.16666666666666666,0.0,0.0,0.0,4.566666666666666,-272.0,Batsman
166,MP Stoinis,4.890625,1.992647058823529,0.0,0.25,0.8333333333333334,0.19354838709677422,2.936985645933014,7.133272058823529,-265.0541989504553,Batsman
167,MN Samuels,1.5625,1.0,0.0,0.0,0.6428571428571429,0.17419354838709677,3.190273972602739,2.5625,-263.98901300422955,Bowler
168,RE van der Merwe,1.2249999999999999,1.5208333333333344,0.0,0.0,1.0,0.40645161290322585,3.403846153846154,2.7458333333333345,-262.7845533498759,Bowler
169,R McLaren,1.836538461538462,1.0,0.0,0.025641025641025623,0.6666666666666666,0.23225806451612904,2.94,2.8621794871794872,-263.2416129032258,Bowler
170,B Kumar,1.0,1.0,0.0,0.0,1.2333333333333334,2.1483870967741936,3.3516163583252183,2.0,-258.8999948173509,Bowler
171,R Dhawan,1.0,1.6666666666666656,0.0,0.0,0.72,0.34838709677419355,3.2212280701754383,2.6666666666666656,-262.56557724957554,Bowler
172,MG Johnson,1.0,1.0,0.0,0.0,1.25,1.1612903225806452,3.188116438356164,2.0,-260.60088985859477,Bowler
173,SM Pollock,4.140625,2.3362068965517246,0.0,0.16666666666666666,0.8461538461538461,0.21290322580645163,3.4484999999999992,6.643498563218391,-261.23866439205955,AllRounder
174,S Vidyut,4.046875,2.304347826086957,0.0,0.5416666666666666,0.125,0.01935483870967742,2.697692307692308,6.892889492753624,-262.736929280397,Batsman
175,N Saini,2.5,1.0,0.0,0.20000000000000004,0.0,0.0,0.0,3.7,-266.0,Batsman
176,Sachin Baby,2.3874999999999997,2.4622641509433962,0.0,0.03333333333333336,0.2,0.03870967741935484,3.8219999999999996,4.883097484276729,-258.908935483871,Bowler
177,S Anirudha,1.5000000000000009,1.6198347107438018,0.0,0.0,0.0,0.0,0.0,3.1198347107438025,-264.0,Batsman
178,SB Styris,2.1624999999999996,1.0,0.0,0.0,0.7272727272727273,0.15483870967741936,3.2521621621621617,3.1624999999999996,-256.7985896013315,Bowler
179,W Jaffer,3.34375,1.0387596899224796,0.0,0.25,0.0,0.0,0.0,4.63250968992248,-262.0,Batsman
180,Kamran Akmal,5.249999999999998,4.205128205128204,0.16666666666666663,0.38888888888888884,0.0,0.0,0.0,10.010683760683758,-261.0,Batsman
181,D Wiese,3.203125,2.755319148936171,0.0,0.16666666666666666,1.1428571428571428,0.3096774193548387,3.0468166089965396,6.125110815602838,-253.25097324318722,AllRounder
182,UT Khawaja,5.187500000000001,2.0476190476190483,0.0,0.44444444444444436,0.0,0.0,0.0,7.679563492063494,-259.0,Batsman
183,P Dogra,1.2187500000000002,1.0,0.0,0.0,0.0,0.0,0.0,2.21875,-258.0,Batsman
184,M Morkel,1.0,2.774193548387096,0.0,0.0,1.1,1.4903225806451614,3.2459152442613304,3.774193548387096,-249.24564326264027,Bowler
185,C de Grandhomme,2.5,2.847826086956522,0.0,0.037037037037037056,0.4444444444444444,0.07741935483870968,3.15,5.384863123993559,-251.49220430107528,Bowler
186,MC Juneja,3.9464285714285716,1.0,0.0,0.19047619047619047,0.0,0.0,0.0,5.136904761904762,-256.0,Batsman
187,BB Samantray,3.109375,1.3879310344827602,0.0,0.20833333333333334,0.0,0.0,0.0,4.705639367816093,-255.0,Batsman
188,B Lee,1.0,2.0784313725490207,0.0,0.0,0.6578947368421053,0.4838709677419355,3.2811353711790394,3.0784313725490207,-248.36564838635536,Bowler
189,BCJ Cutting,3.0625,4.857142857142857,0.125,0.041666666666666664,0.7777777777777778,0.13548387096774195,3.10578947368421,8.086309523809524,-247.9714233163554,AllRounder
190,AB McDonald,2.374999999999999,1.9708737864077654,0.0,0.0,1.1,0.21290322580645163,3.0673404255319143,4.345873786407765,-246.42963452299244,Bowler
191,Niraj Patel,4.8125,1.0,0.0,0.44444444444444436,0.0,0.0,0.0,6.256944444444445,-252.0,Batsman
192,DL Vettori,1.0,1.1271186440677958,0.0,0.0,0.8235294117647058,0.5419354838709678,3.395044585987261,2.127118644067796,-244.8592357775656,Bowler
193,AC Blizzard,3.6785714285714284,2.5934065934065926,0.0,0.6666666666666666,0.0,0.0,0.0,6.938644688644688,-251.0,Batsman
194,Misbah-ul-Haq,2.734375,3.134146341463416,0.0,0.08333333333333333,0.0,0.0,0.0,5.951854674796749,-250.0,Batsman
195,RJ Harris,1.0,1.223214285714286,0.0,0.0,1.2162162162162162,0.8709677419354839,3.2495375722543347,2.223214285714286,-241.99491770439096,Bowler
196,Z Khan,1.0,1.0,0.0,0.0,1.0303030303030305,1.974193548387097,3.2466959578207386,2.0,-240.6232111952337,Bowler
197,KK Cooper,1.0,4.2857142857142865,0.0,0.0,1.32,0.6387096774193549,3.1730999999999994,5.2857142857142865,-242.30228548387097,Bowler
198,M Kartik,1.0,1.1834862385321103,0.0,0.0,0.5636363636363636,0.6,3.3184263959390865,2.1834862385321103,-243.27690586063682,Bowler
199,MM Sharma,1.0,1.3846153846153855,0.0,0.0,1.106666666666667,1.6064516129032258,3.15,2.3846153846153855,-241.20532258064515,Bowler
200,DJ Harris,7.65625,1.3883495145631066,0.125,0.5833333333333334,0.0,0.0,3.01,9.75293284789644,-244.485,Batsman
201,LJ Wright,5.2,4.412698412698413,0.0,0.7333333333333334,0.3333333333333333,0.03870967741935484,2.73,10.346031746031748,-243.34693548387096,Batsman
202,JDP Oram,1.0,1.0,0.0,0.0,0.6428571428571429,0.17419354838709677,2.9606557377049176,2.0,-241.33344035657626,Bowler
203,RJ Quiney,2.7678571428571432,1.0,0.0,0.23809523809523805,0.0,0.0,0.0,4.005952380952381,-246.0,Batsman
204,V Shankar,6.71875,2.5584415584415594,0.0,0.6666666666666666,0.0,0.0,0.84,9.943858225108226,-243.74,Batsman
205,MS Gony,1.0,2.5131578947368425,0.0,0.0,0.8409090909090909,0.7161290322580646,3.036032432432432,3.5131578947368425,-238.11039416660063,Bowler
206,SD Chitnis,1.890625,1.3804347826086953,0.0,0.08333333333333333,0.25,0.03870967741935484,2.7742105263157892,3.354393115942029,-239.40561969439727,Bowler
207,MJ Clarke,3.3749999999999996,1.1041666666666656,0.0,0.3333333333333333,0.3333333333333333,0.03870967741935484,3.4554545454545447,4.812499999999998,-237.25875366568914,Bowler
208,CJ Ferguson,1.84375,1.0,0.0,0.041666666666666664,0.0,0.0,0.0,2.8854166666666665,-242.0,Batsman
209,MA Starc,1.0,1.0,0.0,0.0,1.3076923076923077,0.6580645161290323,3.3373529411764697,2.0,-234.0453353525033,Bowler
210,CR Brathwaite,1.703125,4.482142857142857,0.0,0.0,0.8,0.15483870967741936,3.0270165745856352,6.185267857142857,-235.0272170736054,Batsman
211,UT Yadav,1.0,1.0,0.0,0.0,0.9784946236559141,1.7612903225806453,3.0933939990162322,2.0,-232.25023158212082,Bowler
212,PR Shah,1.083333333333333,1.0,0.0,0.0,0.0,0.0,0.0,2.083333333333333,-240.0,Batsman
213,DJ Jacobs,2.1785714285714284,1.0,0.0,0.14285714285714288,0.0,0.0,0.0,3.321428571428571,-239.0,Batsman
214,S Rana,1.515625,1.5487804878048785,0.0,0.041666666666666664,0.0,0.0,3.4124999999999996,3.106072154471545,-232.88125,Bowler
215,RT Ponting,1.0416666666666659,1.0,0.0,0.0,0.0,0.0,0.0,2.041666666666666,-237.0,Batsman
216,DS Kulkarni,1.0,1.0,0.0,0.0,1.0555555555555556,1.4709677419354839,3.20260606060606,2.0,-228.40630596285433,Bowler
217,SL Malinga,1.0,1.0,0.0,0.0,1.4,2.980645161290323,3.4109799554565696,2.0,-225.31256232487965,Bowler
218,Iqbal Abdulla,1.0,1.1162790697674416,0.0,0.0,0.8333333333333334,0.7741935483870969,3.3268186638388126,2.1162790697674416,-229.59848168166113,Bowler
219,AP Majumdar,5.40625,1.6493506493506502,0.0,0.25,0.0,0.0,0.0,7.30560064935065,-236.0,Batsman
220,Ankit Sharma,1.0,2.304347826086957,0.0,0.0,0.6,0.23225806451612904,3.3207317073170723,3.304347826086957,-228.7705153422502,Bowler
221,RE Levi,2.437500000000001,1.6081081081081094,0.0,0.22222222222222224,0.0,0.0,0.0,4.267830330330333,-234.0,Batsman
222,LA Carseldine,3.3249999999999997,1.704225352112676,0.0,0.4000000000000001,0.2,0.01935483870967742,3.7499999999999996,5.429225352112676,-227.0459677419355,Bowler
223,WPUJC Vaas,1.0,1.547945205479452,0.0,0.0,1.3846153846153846,0.34838709677419355,3.2375,2.547945205479452,-224.54424627791565,Bowler
224,Shahid Afridi,1.0,4.804347826086956,0.0,0.0,0.9,0.17419354838709677,3.2158378378378374,5.804347826086956,-224.5649529206626,Bowler
225,AD Mascarenhas,1.0,1.0,0.0,0.0,1.4615384615384617,0.36774193548387096,3.3464516129032256,2.0,-222.23640198511166,Bowler
226,PJ Cummins,1.0,2.875,0.0,0.0,1.0625,0.32903225806451614,3.0846174142480205,3.875,-222.28577549153118,Bowler
227,B Akhil,1.0,2.6666666666666656,0.0,0.0,0.4615384615384616,0.11612903225806452,3.2239896373056993,3.6666666666666656,-222.29751430334665,Bowler
228,IR Jaggi,1.3214285714285716,1.0,0.0,0.0,0.0,0.0,0.0,2.3214285714285716,-227.0,Batsman
229,TR Birt,2.875,2.3559322033898296,0.0,0.26666666666666666,0.0,0.0,0.0,5.497598870056496,-226.0,Batsman
230,RR Sarwan,4.09375,1.0,0.0,0.16666666666666666,0.0,0.0,0.0,5.260416666666667,-225.0,Batsman
231,M Klinger,4.09375,1.0,0.0,0.4166666666666667,0.0,0.0,0.0,5.510416666666667,-224.0,Batsman
232,AA Bilakhia,1.0,1.0,0.0,0.0,0.0,0.0,0.0,2.0,-223.0,Batsman
233,RR Powar,1.0,1.234375,0.0,0.0,0.5,0.2516129032258065,3.2997968397291197,2.234375,-216.9228853855676,Bowler
234,R Sharma,1.0,1.0,0.0,0.0,0.9090909090909092,0.7741935483870969,3.347647058823529,2.0,-215.45360272554768,Bowler
235,Mohammad Hafeez,1.0,1.0,0.0,0.0,0.25,0.03870967741935484,3.4099999999999997,2.0,-216.45193548387095,Bowler
236,WD Parnell,1.0,1.0,0.0,0.0,1.0384615384615383,0.5225806451612903,3.2974542429284517,2.0,-214.7122553601731,Bowler
237,MJ McClenaghan,1.0,3.0,0.0,0.0,1.35,1.0451612903225806,3.0901221995926678,4.0,-213.77207476512712,Bowler
238,Anirudh Singh,3.15625,1.0,0.0,0.16666666666666666,0.0,0.0,0.0,4.322916666666667,-221.0,Batsman
239,A Flintoff,5.000000000000001,1.4385964912280707,0.0,0.22222222222222224,0.6666666666666666,0.03870967741935484,2.806363636363636,6.660818713450294,-214.73239002932553,Batsman
240,S Aravind,1.0,1.0,0.0,0.0,1.1842105263157894,0.8709677419354839,3.1398730964467005,2.0,-212.20742295295304,Bowler
241,JJ Roy,4.625,3.1951219512195124,0.0,0.6666666666666666,0.0,0.0,0.0,8.486788617886178,-219.0,Batsman
242,WA Mota,1.0,1.0,0.0,0.0,0.5,0.07741935483870968,3.1835999999999998,2.0,-212.35847096774194,Bowler
243,M Rawat,1.0,1.0,0.0,0.0,0.0,0.0,0.0,2.0,-217.0,Batsman
244,K Rabada,4.124999999999998,1.0,0.0,0.22222222222222224,1.0,0.11612903225806452,3.008978102189781,5.3472222222222205,-209.81233929832823,Bowler
245,TG Southee,1.0,3.5,0.0,0.0,0.7586206896551724,0.42580645161290326,3.1341968162083935,4.5,-209.5220640637853,Bowler
246,A Chopra,1.0,1.0,0.0,0.05555555555555558,0.0,0.0,0.0,2.0555555555555554,-215.0,Batsman
247,RR Rossouw,1.2249999999999999,1.1960784313725497,0.0,0.0,0.0,0.0,0.0,2.4210784313725497,-214.0,Batsman
248,AJ Tye,3.8750000000000004,4.833333333333331,0.0,0.11111111111111109,2.0,0.23225806451612904,3.3928125,8.819444444444443,-204.5623941532258,AllRounder
249,Shoaib Malik,1.1500000000000001,1.3061224489795926,0.0,0.0,0.4,0.03870967741935484,2.94,2.4561224489795928,-206.93193548387097,Bowler
250,NM Coulter-Nile,1.0,1.0,0.0,0.0,1.44,0.6967741935483871,3.241023890784982,2.0,-203.93330287349994,Bowler
251,RP Singh,1.0,1.0,0.0,0.0,1.0975609756097562,1.7419354838709677,3.2049092849519742,2.0,-202.93339138335097,Bowler
252,KB Arun Karthik,1.0,1.0,0.0,0.0,0.0,0.0,0.0,2.0,-211.0,Batsman
253,R Rampaul,1.0,1.0,0.0,0.0,1.3333333333333333,0.3096774193548387,3.384172661870503,2.0,-202.459224878162,Bowler
254,RV Gomez,1.0,1.0,0.0,0.0,0.5555555555555556,0.09677419354838711,3.1413402061855664,2.0,-203.30949506706574,Bowler
255,AS Yadav,1.0,2.125,0.0,0.0,0.0,0.0,0.0,3.125,-208.0,Batsman
256,SB Bangar,1.0,1.0,0.0,0.0,0.4444444444444444,0.07741935483870968,3.01,2.0,-201.70220430107526,Bowler
257,AG Paunikar,1.0,1.0,0.0,0.26666666666666666,0.0,0.0,0.0,2.2666666666666666,-206.0,Batsman
258,J Suchith,1.0,3.2727272727272734,0.0,0.0,0.7692307692307693,0.19354838709677422,2.992292490118577,4.272727272727273,-199.06739253033084,Bowler
259,HV Patel,1.0,2.1842105263157903,0.0,0.0,1.0,0.6580645161290323,3.049603960396039,3.1842105263157903,-197.9384972852124,Bowler
260,Yashpal Singh,1.65625,1.0,0.0,0.08333333333333333,0.0,0.0,0.0,2.7395833333333335,-204.0,Batsman
261,Mohammed Shami,1.0,1.0,0.0,0.0,0.5806451612903226,0.34838709677419355,2.994491654021244,2.0,-198.11471413187135,Bowler
262,VR Aaron,1.0,1.0,0.0,0.0,0.95,0.7354838709677419,3.0877433628318585,2.0,-196.8401591493006,Bowler
263,CR Woakes,1.0,1.0,0.0,0.0,1.3076923076923077,0.32903225806451614,3.048776978417266,2.0,-195.97174768373887,Bowler
264,I Sharma,1.0,1.0,0.0,0.0,0.7631578947368421,1.1225806451612903,3.144851138353765,2.0,-195.45411548262217,Bowler
265,Sunny Singh,1.0,2.9354838709677424,0.0,0.06666666666666665,0.0,0.0,0.0,4.002150537634409,-202.0,Batsman
266,JDS Neesham,2.5,1.0,0.0,0.0,0.25,0.01935483870967742,2.707894736842105,3.5,-196.53412563667234,Bowler
267,SK Trivedi,1.0,1.0,0.0,0.0,0.8666666666666667,1.2580645161290323,3.256820809248554,2.0,-192.92767201193362,Bowler
268,AB Barath,2.5,1.0,0.0,0.22222222222222224,0.0,0.0,0.0,3.7222222222222223,-200.0,Batsman
269,A Nehra,1.0,1.0,0.0,0.0,1.2045454545454546,2.0516129032258066,3.2106382978723405,2.0,-190.2998050165346,Bowler
270,LPC Silva,2.250000000000001,3.4074074074074074,0.0,0.22222222222222224,0.0,0.0,0.42,5.879629629629631,-198.37,Batsman
271,BR Dunk,2.250000000000001,1.5555555555555565,0.0,0.44444444444444436,0.0,0.0,0.0,4.250000000000002,-198.0,Batsman
272,MM Patel,1.0,1.0,0.0,0.0,1.1746031746031746,1.4322580645161291,3.2499855282199706,2.0,-189.21472984899108,Bowler
273,AUK Pathan,1.0,3.5,0.0,0.0,0.0,0.0,2.8939024390243904,4.5,-192.6591463414634,Batsman
274,Umar Gul,1.0,6.2631578947368425,0.125,0.0,2.0,0.23225806451612904,3.199411764705882,7.3881578947368425,-187.85249525616697,AllRounder
275,DJ Thornely,1.0,1.0,0.0,0.0,0.75,0.05806451612903226,3.684545454545454,2.0,-188.26108504398826,Bowler
276,JO Holder,1.0,1.9375,0.0,0.0,0.4545454545454545,0.09677419354838711,3.100263157894737,2.9375,-188.52262579101713,Bowler
277,SP Jackson,1.9999999999999991,2.129032258064516,0.0,0.22222222222222224,0.0,0.0,0.0,4.3512544802867374,-193.0,Batsman
278,S Narwal,1.0,2.3793103448275863,0.0,0.16666666666666666,0.8333333333333334,0.09677419354838711,2.5664601769911504,3.545977011494253,-186.7551484441907,Bowler
279,AN Ahmed,1.0,2.6666666666666656,0.0,0.0,0.7058823529411765,0.23225806451612904,3.0374585635359113,3.6666666666666656,-185.03660152851018,Bowler
280,KW Richardson,1.0,1.0,0.0,0.0,1.2857142857142858,0.34838709677419355,3.090736196319019,2.0,-182.91274363178874,Bowler
281,L Balaji,1.0,1.0,0.0,0.0,1.0410958904109588,1.4709677419354839,3.1625412960609913,2.0,-181.48809260738886,Bowler
282,Sohail Tanvir,1.0,1.8064516129032255,0.0,0.0,2.0,0.42580645161290326,3.522452830188679,2.8064516129032255,-180.07761107729763,Bowler
283,Joginder Sharma,1.0,2.0,0.0,0.0,0.8,0.23225806451612904,2.879779411764706,3.0,-182.13194378557876,Bowler
284,A Kumble,1.0,1.0,0.0,0.0,1.0714285714285714,0.8709677419354839,3.434130213631739,2.0,-179.9352102095063,Bowler
285,R Tewatia,1.6249999999999991,3.2916666666666656,0.0,0.11111111111111109,0.8571428571428571,0.11612903225806452,3.44203125,5.027777777777775,-180.37704529089862,Bowler
286,B Sumanth,1.0,1.0,0.0,0.0,0.0,0.0,0.0,2.0,-186.0,Batsman
287,AP Dole,3.625,3.391304347826086,0.0,0.16666666666666666,1.6666666666666667,0.09677419354838711,2.8623287671232878,7.182971014492753,-178.06134555899249,AllRounder
288,L Ronchi,1.0,1.0,0.0,0.06666666666666665,0.0,0.0,0.0,2.0666666666666664,-184.0,Batsman
289,A Mithun,1.0,2.5384615384615388,0.0,0.0,0.4375,0.13548387096774195,2.903653846153846,3.5384615384615388,-177.78504342431762,Bowler
290,S Sreesanth,1.0,1.0,0.0,0.0,0.9090909090909092,0.7741935483870969,3.2054382259767684,2.0,-175.66691597481784,Bowler
291,D Salunkhe,1.375,2.875,0.0,0.22222222222222224,0.2,0.01935483870967742,2.8535294117647063,4.472222222222222,-177.3906736242884,Bowler
292,Anureet Singh,1.0,1.0,0.0,0.0,0.8947368421052632,0.32903225806451614,2.986551724137931,2.0,-174.68451876353845,Bowler
293,RJ Peterson,1.0,1.0,0.0,0.0,0.6,0.05806451612903226,2.9924999999999993,2.0,-174.52415322580646,Bowler
294,T Taibu,1.1250000000000002,1.9615384615384621,0.0,0.0,0.0,0.0,0.0,3.0865384615384626,-179.0,Batsman
295,S Sriram,3.0625,1.0,0.0,0.16666666666666666,0.0,0.0,1.3999999999999992,4.229166666666667,-175.9,Batsman
296,C Munro,1.0,1.0,0.0,0.0,0.0,0.0,3.2549999999999994,2.0,-172.1175,Bowler
297,VH Zol,2.6875,1.5769230769230789,0.0,0.16666666666666666,0.0,0.0,0.0,4.431089743589745,-176.0,Batsman
298,J Syed Mohammad,1.0,1.370370370370371,0.0,0.0,0.7272727272727273,0.15483870967741936,2.9914285714285715,2.370370370370371,-169.1896899874319,Bowler
299,SB Jakati,1.0,1.0,0.0,0.0,0.8245614035087719,0.9096774193548387,3.1431335149863755,2.0,-167.683941493225,Bowler
300,Basil Thampi,1.0,1.0,0.0,0.0,0.9166666666666666,0.21290322580645163,2.8901438848920864,2.0,-167.9704293339522,Bowler
301,NL McCullum,2.125,1.652173913043478,0.0,0.0,0.0,0.0,3.36,3.777173913043478,-167.96,Bowler
302,JM Kemp,2.125,1.2,0.0,0.0,0.6,0.05806451612903226,3.275106382978723,3.325,-166.10024365133836,Bowler
303,AB Dinda,1.0,1.0,0.0,0.0,0.92,1.335483870967742,3.1624229074889865,2.0,-163.8731398323149,Bowler
304,S Nadeem,1.0,1.0,0.0,0.0,0.6981132075471698,0.7161290322580646,3.353905013192611,2.0,-164.84777912050322,Bowler
305,Sandeep Sharma,1.0,1.0,0.0,0.0,1.2678571428571428,1.3741935483870968,3.2235742340926934,2.0,-163.2015626119946,Bowler
306,JJ Bumrah,1.0,1.0,0.0,0.0,0.9787234042553192,0.8903225806451613,3.164335793357933,2.0,-164.4499273326124,Bowler
307,S Chanderpaul,1.0,1.0,0.0,0.11111111111111109,0.0,0.0,0.0,2.111111111111111,-171.0,Batsman
308,A Choudhary,1.0,2.25,0.0,0.0,1.0,0.09677419354838711,3.15,3.25,-163.62983870967741,Bowler
309,MA Khote,1.0,1.454545454545454,0.0,0.0,0.6666666666666666,0.03870967741935484,2.646,2.454545454545454,-163.97293548387097,Bowler
310,ER Dwivedi,1.75,4.0,0.0,0.0,0.0,0.0,0.0,5.75,-168.0,Batsman
311,PJ Sangwan,1.0,1.0,0.0,0.0,0.9210526315789472,0.6774193548387097,3.0521505376344087,2.0,-161.0240662139219,Bowler
312,NS Naik,1.5625,1.0,0.0,0.0,0.0,0.0,0.0,2.5625,-167.0,Batsman
313,J Arunkumar,1.0,1.0,0.0,0.22222222222222224,0.0,0.0,0.0,2.2222222222222223,-166.0,Batsman
314,SW Tait,1.0,1.0,0.0,0.0,1.0952380952380951,0.44516129032258067,3.253820224719101,2.0,-158.80867058458034,Bowler
315,BMAJ Mendis,1.0,1.0,0.0,0.0,0.3333333333333333,0.01935483870967742,3.318,2.0,-159.49396774193548,Bowler
316,MS Wade,1.0,1.0,0.0,0.0,0.0,0.0,0.0,2.0,-164.0,Batsman
317,GB Hogg,1.0,1.0,0.0,0.0,1.0952380952380951,0.44516129032258067,3.2482403433476392,2.0,-156.81704040663755,Bowler
318,CA Ingram,1.0,1.0,0.0,0.0,0.0,0.0,0.0,2.0,-163.0,Batsman
319,DE Bollinger,1.0,1.0,0.0,0.0,1.3703703703703705,0.7161290322580646,3.3263999999999996,2.0,-154.88065089605735,Bowler
320,M Muralitharan,1.0,1.0,0.0,0.0,0.9696969696969696,1.238709677419355,3.42335863377609,2.0,-154.5523520786614,Bowler
321,AC Thomas,1.0,1.2631578947368425,0.0,0.0,0.9333333333333332,0.2709677419354839,3.2270642201834856,2.2631578947368425,-155.35295205682155,Bowler
322,Harpreet Singh,1.0,1.0,0.0,0.0,0.0,0.0,0.0,2.0,-161.0,Batsman
323,Kuldeep Yadav,1.0,1.0,0.0,0.0,1.2857142857142858,0.34838709677419355,3.091666666666666,2.0,-152.9113479262673,Bowler
324,NJ Maddinson,1.0,1.0,0.0,0.11111111111111109,0.0,0.0,0.0,2.111111111111111,-159.0,Batsman
325,RR Raje,1.0,1.5555555555555565,0.0,0.0,0.6,0.11612903225806452,2.9574999999999996,2.5555555555555562,-152.4895564516129,Bowler
326,AD Nath,1.0,1.0,0.0,0.0,0.0,0.0,0.0,2.0,-157.0,Batsman
327,R Shukla,1.0,1.0,0.0,0.0,0.7142857142857143,0.09677419354838711,2.7267692307692304,2.0,-150.693256292095,Bowler
328,A Mukund,1.0,1.0,0.0,0.0,0.0,0.0,0.0,2.0,-155.0,Batsman
329,Y Gnaneswara Rao,4.375,1.277777777777778,0.0,0.6666666666666666,0.0,0.0,3.36,6.319444444444445,-148.96,Batsman
330,Vishnu Vinod,1.0,1.0,0.0,0.0,0.0,0.0,0.0,2.0,-153.0,Batsman
331,DR Martyn,4.375,1.0,0.0,0.0,0.0,0.0,0.0,5.375,-152.0,Batsman
332,R Bishnoi,1.0,1.5882352941176472,0.0,0.0,0.0,0.0,0.0,2.588235294117647,-151.0,Batsman
333,P Sahu,1.0,3.3076923076923066,0.0,0.0,0.6,0.05806451612903226,3.040093457943925,4.307692307692307,-144.45276303889057,Bowler
334,Harmeet Singh,1.0,3.5,0.0,0.0,0.9629629629629628,0.503225806451613,3.193606557377049,4.5,-143.01030700981255,Bowler
335,PV Tambe,1.0,1.0,0.0,0.0,0.8484848484848485,0.5419354838709678,3.21106824925816,2.0,-143.09776712757903,Bowler
336,BJ Haddin,4.0,4.181818181818182,0.0,0.3333333333333333,0.0,0.0,0.0,8.515151515151516,-149.0,Batsman
337,Imran Tahir,1.0,1.0,0.0,0.0,1.46875,0.9096774193548387,3.109945504087193,2.0,-140.76744061483694,Bowler
338,DS Lehmann,1.0,1.0,0.0,0.16666666666666666,0.0,0.0,0.0,2.1666666666666665,-148.0,Batsman
339,JJ van der Wath,1.0,1.2941176470588247,0.0,0.0,1.0,0.05806451612903226,2.6084210526315785,2.2941176470588247,-141.5002716468591,Bowler
340,Parvez Rasool,1.0,1.0,0.0,0.0,0.3636363636363637,0.07741935483870968,3.1100999999999996,2.0,-140.67326642228738,Bowler
341,PP Ojha,1.0,1.0,0.0,0.0,0.9888888888888888,1.7225806451612904,3.2758920308483286,2.0,-137.01895765265223,Bowler
342,CK Kapugedera,1.0,1.0,0.0,0.0,0.0,0.0,1.198235294117647,2.0,-143.20264705882352,Batsman
343,C Madan,2.875,1.0,0.0,0.6666666666666666,0.0,0.0,0.0,4.541666666666667,-144.0,Batsman
344,SA Abbott,1.0,1.7692307692307678,0.0,0.0,0.0,0.0,2.5856249999999994,2.769230769230768,-139.1215625,Bowler
345,VY Mahesh,1.0,1.0,0.0,0.0,1.2352941176470589,0.40645161290322585,3.0365181058495816,2.0,-134.98260424540018,Bowler
346,GR Napier,2.875,1.0,0.0,0.0,1.0,0.01935483870967742,3.36,3.875,-134.4309677419355,Bowler
347,YS Chahal,1.0,1.0,0.0,0.0,1.2727272727272727,1.3548387096774195,3.1761853978671035,2.0,-132.2943729295923,Bowler
348,KC Cariappa,1.0,1.0,0.0,0.0,0.8,0.15483870967741936,2.9489573459715634,2.0,-134.14430591652652,Bowler
349,MDKJ Perera,1.0,1.3846153846153855,0.0,0.16666666666666666,0.0,0.0,0.0,2.551282051282052,-139.0,Batsman
350,S Gopal,1.0,1.0,0.0,0.0,1.1666666666666667,0.13548387096774195,3.146379310344827,2.0,-131.32720522803115,Bowler
351,DL Chahar,2.5,7.666666666666666,0.5,0.0,0.2,0.01935483870967742,2.9154545454545455,10.666666666666666,-132.29778592375368,Batsman
352,F Behardien,1.0,1.3846153846153855,0.0,0.0,0.0,0.0,0.0,2.3846153846153855,-136.0,Batsman
353,DT Patil,1.0,1.0,0.0,0.0,0.0,0.0,0.0,2.0,-135.0,Batsman
354,KJ Abbott,1.0,4.125,0.0,0.0,0.4,0.03870967741935484,2.5817647058823523,5.125,-129.46928842504744,Batsman
355,S Badree,1.0,1.0,0.0,0.0,0.9166666666666666,0.21290322580645163,3.253802281368821,2.0,-126.42494173923708,Bowler
356,DAJ Bracewell,1.75,2.6666666666666656,0.0,0.0,3.0,0.05806451612903226,3.2172,4.416666666666666,-122.58710322580646,Bowler
357,AR Bawne,1.75,1.0,0.0,0.0,0.0,0.0,0.0,2.75,-131.0,Batsman
358,AA Chavan,1.0,1.454545454545454,0.0,0.0,0.6153846153846154,0.15483870967741936,3.154941176470588,2.454545454545454,-124.11225324770106,Bowler
359,K Upadhyay,1.0,2.6666666666666656,0.0,0.0,0.0,0.0,3.0074999999999994,3.6666666666666656,-124.48875000000001,Bowler
360,Swapnil Singh,1.0,1.0,0.0,0.0,0.2,0.01935483870967742,2.9709836065573767,2.0,-123.21449233209941,Bowler
361,T Thushara,1.0,1.0,0.0,0.0,1.3333333333333333,0.15483870967741936,3.395,2.0,-119.67524193548387,Bowler
362,Karanveer Singh,1.0,1.0,0.0,0.0,1.3333333333333333,0.23225806451612904,2.919295774647887,2.0,-119.27266924125398,Bowler
363,T Henderson,1.0,1.0,0.0,0.0,0.5,0.01935483870967742,3.395,2.0,-119.12846774193548,Bowler
364,M Ntini,1.0,1.0,0.0,0.0,0.7777777777777778,0.13548387096774195,3.309718309859155,2.0,-117.66553006209298,Bowler
365,DNT Zoysa,1.0,2.1111111111111116,0.0,0.0,0.6666666666666666,0.03870967741935484,3.003913043478261,3.1111111111111116,-117.43606591865358,Bowler
366,Rashid Khan,1.0,2.1111111111111116,0.0,0.0,1.2142857142857142,0.32903225806451614,3.4163414634146334,3.1111111111111116,-114.56051084635271,Bowler
367,T Kohli,1.0,1.0,0.0,0.0,0.0,0.0,0.0,2.0,-121.0,Batsman
368,AG Murtaza,1.0,1.0,0.0,0.0,0.75,0.17419354838709677,3.3217472118959104,2.0,-113.63108885957548,Bowler
369,KAJ Roach,1.0,1.5555555555555565,0.0,0.0,0.0,0.0,2.891538461538461,2.5555555555555562,-114.66269230769231,Bowler
370,X Thalaivan Sargunam,1.0,1.0,0.0,0.0,0.0,0.0,0.0,2.0,-118.0,Batsman
371,TD Paine,1.0,1.0,0.0,0.0,0.0,0.0,0.0,2.0,-117.0,Batsman
372,SMSM Senanayake,1.0,1.0,0.0,0.0,1.125,0.17419354838709677,3.4666153846153844,2.0,-108.85128660049628,Bowler
373,D du Preez,1.0,1.0,0.0,0.0,2.0,0.07741935483870968,3.1890697674418607,2.0,-107.10026631657914,Bowler
374,J Theron,1.0,1.0,0.0,0.0,1.1,0.21290322580645163,3.162510638297872,2.0,-107.28687920384351,Bowler
375,SM Harwood,1.0,1.0,0.0,0.0,1.0,0.05806451612903226,3.438358208955224,2.0,-106.25536591237362,Bowler
376,AA Noffke,1.0,1.0,0.0,0.0,1.0,0.01935483870967742,2.7636,2.0,-106.32556774193549,Bowler
377,S Kaul,1.0,1.0,0.0,0.0,1.0476190476190477,0.42580645161290326,3.0642660550458714,2.0,-105.19346266858327,Bowler
378,Washington Sundar,1.0,1.0,0.0,0.0,0.8,0.15483870967741936,3.5215384615384604,2.0,-104.28543424317618,Bowler
379,TS Mills,1.0,1.0,0.0,0.0,1.0,0.09677419354838711,3.0478378378378377,2.0,-103.78308195292067,Bowler
380,CJ McKay,1.0,1.0,0.0,0.0,0.5,0.01935483870967742,3.03,2.0,-103.67596774193548,Bowler
381,CK Langeveldt,1.0,1.0,0.0,0.0,1.8571428571428568,0.2516129032258065,3.3103636363636357,2.0,-99.87132090490155,Bowler
382,Jaskaran Singh,1.0,1.0,0.0,0.0,0.8571428571428571,0.11612903225806452,2.8548648648648647,2.0,-101.25779486860132,Bowler
383,TM Srivastava,1.0,1.0,0.0,0.0,0.0,0.0,0.0,2.0,-106.0,Batsman
384,I Malhotra,1.0,4.75,0.0,0.0,0.0,0.0,0.0,5.75,-105.0,Batsman
385,Ankit Soni,1.0,1.0,0.0,0.0,0.3333333333333333,0.03870967741935484,3.19875,2.0,-98.64381048387096,Bowler
386,AN Ghosh,1.0,1.0,0.0,0.0,0.0,0.0,0.0,2.0,-103.0,Batsman
387,UA Birla,1.0,1.0,0.0,0.0,0.0,0.0,0.0,2.0,-102.0,Batsman
388,VS Malik,1.0,1.0,0.0,0.0,0.4615384615384616,0.11612903225806452,3.2371698113207548,2.0,-95.27774404232409,Bowler
389,Pankaj Singh,1.0,1.0,0.0,0.0,0.6470588235294118,0.21290322580645163,2.9177170418006426,2.0,-94.33348136329525,Bowler
390,SN Thakur,1.0,1.0,0.0,0.0,0.9230769230769232,0.23225806451612904,3.0883783783783776,2.0,-92.63442995104285,Bowler
391,AF Milne,1.0,1.0,0.0,0.0,0.8,0.07741935483870968,2.8030434782608697,2.0,-92.47930575035063,Bowler
392,AS Rajpoot,1.0,1.0,0.0,0.0,0.7272727272727273,0.15483870967741936,3.1111956521739126,2.0,-91.01003936631392,Bowler
393,DM Bravo,1.0,2.0,0.0,0.0,0.0,0.0,0.0,3.0,-96.0,Batsman
394,BA Bhatt,1.0,1.0,0.0,0.0,0.8,0.23225806451612904,3.1333663366336633,2.0,-88.75156339827531,Bowler
395,SB Joshi,1.0,1.0,0.0,0.0,0.25,0.01935483870967742,2.951454545454545,2.0,-89.16878592375366,Bowler
396,SS Shaikh,1.0,1.0,0.0,0.0,0.0,0.0,0.0,2.0,-93.0,Batsman
397,PSP Handscomb,1.0,1.0,0.0,0.0,0.0,0.0,0.0,2.0,-92.0,Batsman
398,J Yadav,1.0,1.0,0.0,0.0,0.4,0.07741935483870968,3.4736065573770487,2.0,-85.07346113167637,Bowler
399,KMDN Kulasekara,1.0,4.333333333333334,0.0,0.0,1.0,0.09677419354838711,3.3933644859813086,5.333333333333334,-83.26479198070545,Bowler
400,SJ Srivastava,1.0,1.0,0.0,0.0,1.0,0.2709677419354839,3.0017647058823527,2.0,-82.59090132827325,Bowler
401,JD Unadkat,1.0,1.0,0.0,0.0,1.2173913043478262,1.0838709677419356,3.1483115577889444,2.0,-80.82563925518194,Bowler
402,A Zampa,1.0,1.0,0.0,0.0,1.7272727272727273,0.36774193548387096,3.2563999999999993,2.0,-79.9728780058651,Bowler
403,P Awana,1.0,1.0,0.0,0.0,1.181818181818182,0.7548387096774194,3.127209302325581,2.0,-80.40420070926822,Bowler
404,Shivam Sharma,1.0,4.333333333333334,0.0,0.0,0.8,0.07741935483870968,3.0063157894736836,5.333333333333334,-81.1743972835314,Bowler
405,TA Boult,1.0,1.0,0.0,0.0,1.0714285714285714,0.2903225806451613,3.055352112676056,2.0,-79.37434510287531,Bowler
406,DP Nannes,1.0,1.0,0.0,0.0,0.9655172413793104,0.5419354838709678,3.339579100145137,2.0,-78.72945226190689,Bowler
407,RS Sodhi,1.0,6.0,0.0,0.0,0.0,0.0,0.0,7.0,-85.0,Batsman
408,FH Edwards,1.0,1.0,0.0,0.0,0.8333333333333334,0.09677419354838711,3.486,2.0,-77.37583870967742,Bowler
409,VRV Singh,1.0,2.6666666666666656,0.0,0.0,0.6666666666666666,0.23225806451612904,2.965471698113207,3.6666666666666656,-77.203405356056,Bowler
410,CRD Fernando,1.0,2.6666666666666656,0.0,0.0,1.7,0.32903225806451614,3.2815662650602406,3.6666666666666656,-74.03410221531286,Bowler
411,B Laughlin,1.0,1.0,0.0,0.0,0.5,0.01935483870967742,2.8139999999999996,2.0,-75.99996774193548,Bowler
412,A Chandila,1.0,1.0,0.0,0.0,0.9166666666666666,0.21290322580645163,3.5107692307692306,2.0,-73.03949131513647,Bowler
413,GD McGrath,1.0,1.0,0.0,0.0,0.8571428571428571,0.23225806451612904,3.4282978723404254,2.0,-72.22345180900089,Bowler
414,BB Sran,1.0,1.0,0.0,0.0,0.875,0.2709677419354839,3.0586956521739124,2.0,-71.6930049088359,Bowler
415,A Uniyal,1.0,1.0,0.0,0.0,1.0,0.03870967741935484,2.6084210526315785,2.0,-71.52930390492361,Bowler
416,CJ Jordan,1.0,1.0,0.0,0.0,1.2,0.23225806451612904,2.980212765957446,2.0,-69.38129375428963,Bowler
417,JE Taylor,1.0,1.0,0.0,0.0,1.2,0.11612903225806452,3.105245901639344,2.0,-68.36793759915389,Bowler
418,D Kalyankrishna,1.0,1.0,0.0,0.0,0.6666666666666666,0.03870967741935484,2.6123999999999996,2.0,-69.02333548387097,Bowler
419,S Tyagi,1.0,1.0,0.0,0.0,0.42857142857142855,0.11612903225806452,3.08890909090909,2.0,-67.54958567239213,Bowler
420,R Ninan,1.0,1.0,0.0,0.0,1.5,0.05806451612903226,2.5549999999999993,2.0,-65.83040322580645,Bowler
421,Kamran Khan,1.0,1.0,0.0,0.0,1.1111111111111112,0.19354838709677422,3.064576271186441,2.0,-64.44614634590852,Bowler
422,Mohammad Asif,1.0,1.0,0.0,0.0,1.0,0.15483870967741936,2.886180904522613,2.0,-63.93847057869995,Bowler
423,Younis Khan,1.0,1.0,0.0,0.0,0.0,0.0,0.0,2.0,-69.0,Batsman
424,RD Chahar,1.0,3.5,0.0,0.0,1.0,0.03870967741935484,3.213913043478261,4.5,-61.62106591865358,Bowler
425,BAW Mendis,1.0,1.0,0.0,0.0,0.8,0.15483870967741936,3.275322580645161,2.0,-60.65475806451613,Bowler
426,SB Wagh,1.0,1.0,0.0,0.0,0.625,0.09677419354838711,3.1149999999999993,2.0,-60.244838709677424,Bowler
427,RS Gavaskar,1.0,1.0,0.0,0.0,0.0,0.0,3.15,2.0,-60.275,Bowler
428,Mohammad Nabi,1.0,1.0,0.0,0.0,0.6666666666666666,0.03870967741935484,3.7036363636363636,2.0,-57.386480938416426,Bowler
429,Mohammad Ashraful,1.0,1.0,0.0,0.0,0.0,0.0,0.0,2.0,-63.0,Batsman
430,Mashrafe Mortaza,1.0,1.0,0.0,0.0,0.0,0.0,2.175,2.0,-58.7375,Bowler
431,A Singh,1.0,1.0,0.0,0.0,1.2173913043478262,0.5419354838709678,3.173333333333333,2.0,-54.60100981767181,Bowler
432,Shoaib Akhtar,1.0,1.0,0.0,0.0,1.6666666666666667,0.09677419354838711,3.350869565217391,2.0,-53.32853436185133,Bowler
433,S Randiv,1.0,1.0,0.0,0.0,0.75,0.11612903225806452,3.2689999999999997,2.0,-53.797306451612904,Bowler
434,H Das,1.0,1.0,0.0,0.0,0.0,0.0,0.0,2.0,-59.0,Batsman
435,VS Yeligati,1.0,1.0,0.0,0.0,0.0,0.0,2.4281249999999996,2.0,-54.3578125,Bowler
436,KP Appanna,1.0,1.0,0.0,0.0,0.6923076923076923,0.17419354838709677,3.1783783783783774,2.0,-50.93268057139025,Bowler
437,RG More,1.0,1.0,0.0,0.0,0.5,0.01935483870967742,2.6845945945945937,2.0,-51.19407585004359,Bowler
438,P Parameswaran,1.0,1.0,0.0,0.0,1.125,0.17419354838709677,3.039056603773585,2.0,-48.49262477175898,Bowler
439,Shoaib Ahmed,1.0,1.0,0.0,0.0,0.7142857142857143,0.09677419354838711,2.946116504854368,2.0,-48.364235380967294,Bowler
440,PM Sarvesh Kumar,1.0,1.0,0.0,0.0,0.5,0.01935483870967742,3.1229032258064513,2.0,-47.53661290322581,Bowler
441,M de Lange,1.0,1.0,0.0,0.0,1.0,0.09677419354838711,2.972586206896551,2.0,-45.8959593993326,Bowler
442,DJ Muthuswami,1.0,1.0,0.0,0.0,0.6666666666666666,0.07741935483870968,3.2099999999999995,2.0,-45.06887096774194,Bowler
443,SE Bond,1.0,1.0,0.0,0.0,1.125,0.17419354838709677,3.345706806282722,2.0,-43.03264946799527,Bowler
444,BE Hendricks,1.0,1.0,0.0,0.0,1.2857142857142858,0.17419354838709677,2.9119108280254773,2.0,-42.44227200680971,Bowler
445,LH Ferguson,1.0,1.0,0.0,0.0,0.75,0.05806451612903226,3.4396551724137927,2.0,-41.62842046718576,Bowler
446,DP Vijaykumar,1.0,1.0,0.0,0.0,0.4444444444444444,0.07741935483870968,3.2054716981132074,2.0,-41.408996753905456,Bowler
447,NJ Rimmington,1.0,1.0,0.0,0.0,0.0,0.0,3.4299999999999993,2.0,-40.855000000000004,Bowler
448,Tejas Baroka,1.0,1.0,,,0.0,0.0,2.8499999999999996,,-40.725,Batsman
449,Harmeet Singh (2),1.0,1.0,,,1.0,0.01935483870967742,3.1163999999999996,,-37.796367741935484,Batsman
450,YA Abdulla,1.0,1.0,0.0,0.0,1.3636363636363635,0.2903225806451613,3.0648648648648646,2.0,-35.921764286280414,Bowler
451,U Kaul,1.0,1.0,0.0,0.0,0.0,0.0,0.0,2.0,-42.0,Batsman
452,V Pratap Singh,1.0,1.0,0.0,0.0,1.1111111111111112,0.19354838709677422,3.038530805687203,2.0,-34.485214544157365,Bowler
453,Gagandeep Singh,1.0,1.0,,,0.75,0.05806451612903226,2.6999999999999997,,-34.73790322580645,Batsman
454,IC Pandey,1.0,1.0,0.0,0.0,0.75,0.34838709677419355,3.193880597014925,2.0,-33.56159845931632,Bowler
455,A Nel,1.0,1.0,,,1.0,0.01935483870967742,2.6599999999999997,,-33.48096774193549,Batsman
456,GS Sandhu,1.0,1.0,,,0.5,0.01935483870967742,2.5725,,-33.36221774193548,Batsman
457,C Ganapathy,1.0,1.0,,,0.0,0.0,2.0999999999999996,,-33.85,Batsman
458,TP Sudhindra,1.0,1.0,,,0.3333333333333333,0.01935483870967742,2.4972972972972967,,-31.725021795989537,Batsman
459,B Geeves,1.0,1.0,,,0.5,0.01935483870967742,2.4899999999999998,,-30.485967741935482,Batsman
460,S Kaushik,1.0,1.0,0.0,0.0,0.6,0.11612903225806452,3.006,2.0,-28.416806451612903,Bowler
461,RW Price,1.0,1.0,,,0.0,0.0,2.5199999999999996,,-29.22,Batsman
462,Mohammed Siraj,1.0,1.0,,,1.6666666666666667,0.19354838709677422,2.9176595744680847,,-24.833188057652713,Bowler
463,Mustafizur Rahman,1.0,1.0,,,1.0,0.32903225806451614,3.351984732824427,,-23.978474513666583,Bowler
464,NB Singh,1.0,1.0,,,0.5,0.01935483870967742,3.9227999999999996,,-23.336767741935482,Batsman
465,AM Salvi,1.0,1.0,,,1.0,0.13548387096774195,3.174230769230769,,-22.535428039702232,Batsman
466,ND Doshi,1.0,1.0,0.0,0.0,0.5,0.03870967741935484,3.083684210526316,2.0,-22.566409168081492,Bowler
467,Avesh Khan,1.0,1.0,,,1.0,0.01935483870967742,3.5699999999999994,,-20.115967741935485,Batsman
468,P Amarnath,1.0,1.0,,,1.1666666666666667,0.13548387096774195,2.5295454545454543,,-20.252456011730203,Batsman
469,RR Bose,1.0,1.0,,,0.0,0.0,2.3099999999999996,,-21.535,Batsman
470,RR Bhatkal,1.0,1.0,0.0,0.0,0.0,0.0,1.1549999999999998,2.0,-22.2675,Batsman
471,P Prasanth,1.0,1.0,,,0.0,0.0,1.0499999999999998,,-21.425,Batsman
472,P Suyal,1.0,1.0,,,0.4,0.03870967741935484,3.0165420560747664,,-16.81712239975882,Batsman
473,Abdur Razzak,1.0,1.0,0.0,0.0,0.0,0.0,2.2199999999999998,2.0,-17.67,Bowler
474,RA Shaikh,1.0,1.0,,,0.0,0.0,2.5199999999999996,,-16.22,Batsman
475,S Ladda,1.0,1.0,0.0,0.0,0.5555555555555556,0.09677419354838711,2.81936170212766,2.0,-13.792462823152597,Bowler
476,B Stanlake,1.0,1.0,,,1.0,0.03870967741935484,3.066,,-11.842935483870967,Batsman
477,T Shamsi,1.0,1.0,,,0.75,0.05806451612903226,2.8481249999999996,,-11.515715725806452,Batsman
478,MJ Henry,1.0,1.0,,,0.5,0.01935483870967742,1.944193548387097,,-12.304677419354839,Batsman
479,T Natarajan,1.0,1.0,,,0.3333333333333333,0.03870967741935484,3.047560975609756,,-9.870594020456334,Batsman
480,Sunny Gupta,1.0,1.0,0.0,0.0,0.0,0.0,1.7131578947368422,2.0,-11.430263157894736,Bowler
481,JW Hastings,1.0,1.0,,,1.0,0.05806451612903226,3.4667213114754096,,-6.212821258593338,Batsman
482,K Santokie,1.0,1.0,,,1.5,0.05806451612903226,2.5817647058823523,,-5.790256166982924,Batsman
483,AA Kazi,1.0,1.0,,,0.0,0.0,2.7946153846153843,,-6.808076923076923,Batsman
484,SS Sarkar,1.0,1.0,,,0.5,0.01935483870967742,3.1163999999999996,,-4.546367741935484,Batsman
485,SS Mundhe,1.0,1.0,,,1.0,0.01935483870967742,3.7499999999999996,,-1.8459677419354836,Bowler
486,SS Agarwal,1.0,1.0,,,1.0,0.01935483870967742,2.625,,-2.5334677419354836,Batsman
487,C Nanda,1.0,1.0,0.0,0.0,0.6666666666666666,0.03870967741935484,3.3683999999999994,2.0,-0.8893354838709673,Bowler
488,BW Hilfenhaus,1.0,1.0,,,1.2941176470588236,0.42580645161290326,3.2243076923076917,,1.416347686469127,Bowler
489,SM Boland,1.0,1.0,,,1.0,0.03870967741935484,3.1890697674418607,,1.3416691672918244,Batsman
490,L Ablish,1.0,1.0,0.0,0.0,1.0,0.05806451612903226,2.702,2.0,1.6400967741935482,Bowler
491,M Ashwin,1.0,1.0,0.0,0.0,0.7,0.13548387096774195,3.0760227272727274,2.0,2.8672598973607046,Bowler
492,MB Parmar,1.0,1.0,,,0.0,0.0,2.641578947368421,,1.9623684210526315,Batsman
493,MG Neser,1.0,1.0,,,0.0,0.0,1.7051999999999996,,1.5577999999999994,Batsman
494,Anand Rajan,1.0,1.0,,,1.0,0.15483870967741936,3.2277777777777774,,6.573924731182796,Batsman
